jj,file,sentence,decision,rationale,binary_decision,jj_category,privacy
nuanced,9834781,We will apply focused ethnography to obtain an intensive and nuanced understanding of the nurse navigator ?,HYPE,"['gratuitous', 'coordinated']",1,rigour,No
powerful,9903046,The primary care coalition is designed as a powerful resource for the study of mechanisms responsible for chronic disease disparities and developing interventions uniquely effective in these high-risk populations .,HYPE,['gratuitous'],1,rigour,No
unparalleled,9534908,"As a result , Dr. A  has an unparalleled view of laboratory based aging research at Institute B to enhance mentee research training and career development of junior investigators .",HYPE,['hyperbolic'],1,novelty,Yes
quality,9860144,"Absent such tools , quality improvement is hampered .",NOT HYPE,[],0,rigour,No
strong,9414747,"If rats trained to better tolerate delayed rewards self - administer less cocaine than control rats when non-drug rewards are increasingly delayed , then this would provide strong evidence for delay discounting as causal in the choice to consume a drug of abuse .",NOT HYPE,[],0,rigour,No
rigorous,9790612,"Through leadership , collaboration , and extensive coordination , the Administration Core will continue to accomplish Project 's aims and scientific initiatives , and ensure that Project continues to be a cohesive , rigorous , and innovative study .",HYPE,"['gratuitous', 'coordinated', 'broader context']",1,rigour,Yes
strong,9228681,"Guided by strong preliminary data , we will approach this hypothesis from 3 complementary angles :",HYPE,['gratuitous'],1,rigour,No
first,9146992,"The first problem emerges from a lack of ability to target activity indicators to specific cells that are few enough in number so that their morphology and physical connectivity could be determined in a densely packed environment , to then permit the physical picture to be related to activity and connectivity .",NOT HYPE,[],0,novelty,No
unprecedented,9556945,"To achieve this unprecedented goal , our team of experts in sEMG - based subvocal speech recognition at Organization_A , Inc will partner with Organization_B , the world ?",HYPE,['hyperbolic'],1,novelty,Yes
scientific,9571386,"Database was created to enhance the value of scientific data related to the genes and genomes of sea urchins and other echinoderms and to serve as a centralized , definitive resource for information related to these important model organisms .",HYPE,['gratuitous'],1,rigour,Yes
rigorous,9230337,"The proposed study will use data from the Organization insurance claims databases ( 2004 - 2013 ) linked to laboratory test results , and utilize a number of rigorous and innovative approaches for pharmacoepidemiologic research and causal inference to study the effects of XOI on MI and T2DM risks .",HYPE,"['gratuitous', 'coordinated']",1,rigour,Yes
advanced,9410948,"To inform interventions , advanced network analyses will overlay risk networks with PROJECT phylogenetic transmission data to show where HCV has been and predict where it is going .",HYPE,['gratuitous'],1,rigour,Yes
reproducible,9460251,"Toward our long - term goal of achieving comprehensive models , we will make models understandable , reproducible , reusable , and composable by ( 1 ) developing these missing model building , annotation , and simulation tools and ( 2 ) combining these and other existing tools into a user- friendly reproducible modeling workflow .",HYPE,"['gratuitous', 'coordinated']",1,rigour,No
nuanced,9825279,Our proposal is SIGNIFICANT because of the unmet need for a more nuanced approach to identify subsets of NAFLD where a more tailored approach might inform strategies for prevention and reversal of NASH / fibrosis and HCC .,HYPE,['gratuitous'],1,rigour,No
powerful,9528183,"Moreover , the PIs have developed multiple innovative methods for powerful hypothesis testing .",HYPE,"['gratuitous', 'broader context']",1,rigour,No
novel,9585444,"The rationale for this proposal is that in view of the shortcomings and significant toxicities associated with allo- SCT , balanced by the susceptibility of AML to immunotherapy ( i.e. allo-SCT ) , there is a critical need to develop novel immunotherapies to achieve disease elimination with minimal off - target toxicity .",HYPE,['gratuitous'],1,novelty,No
detailed,9296484,"Each baboon is the subject of individual - based research by the Research Project , which has been collecting detailed demographic and behavioral data on known wild baboons in the ecosystem in Country_A since 1971 .",HYPE,['gratuitous'],1,rigour,Yes
groundbreaking,10121141,"To address several complex issues facing AD / ADRD research , including disease etiology as well as the development of improved diagnostics and treatment strategies , investigators require access to a unique human tissue resource that could provide rigorous and uniform collection of human biospecimens from defined cohorts of both post mortem AD / ADRD donors and living AD / ADRD patients to yield consistent and reproducible experimental results for inventive and groundbreaking studies .",HYPE,"['hyperbolic', 'coordinated']",1,novelty,No
sophisticated,9868724,"In order to better understand the mechanism of DR - 18 immunotherapy and enable its translation into the clinic , we propose to leverage a comprehensive series of sophisticated , genetically - defined syngeneic mouse models of melanoma called YUMM and YUMMER that we have developed .",HYPE,"['gratuitous', 'broader context']",1,rigour,No
careful,9362390,"In addition , we have made a more careful study of the zfp703 zebrafish morphant phenotype .",HYPE,['gratuitous'],1,rigour,No
reproducible,9354137,"Because of this reimplementation and a lack of open standards , much of the published literature on medical image reconstruction is not reproducible .",NOT HYPE,[],0,rigour,No
revolutionary,10120245,"In the past decade , we have witnessed a revolutionary progress in camera technology and the attainable resolution of macromolecular assemblies via cryogenic electron microscopy ( cryo - EM ) and in the development of computational algorithms that relate the resulting 3D maps to atomic resolution structures .",HYPE,['hyperbolic'],1,novelty,No
first,9432313,"In a first step , I will investigate the effects of silencing different cell types and pathways within this circuit on functional connectivity and behavioral measures .",NOT HYPE,[],0,novelty,No
robust,9756511,"Importantly , we revealed that robust production of type I IFN by pDCs requires the presence of CD169 + macrophages ( CD169 + MP ) and the adapter molecule for cytoplasmic DNA sensing ?",NOT HYPE,[],0,rigour,No
reproducible,9594002,"Remarkably , all of the sensory neurons that have chosen the same odorant receptor to express extend axons that converge together in specific reproducible locations within the olfactory bulb .",NOT HYPE,[],0,rigour,No
nuanced,9910957,"Thus , difficulty learning from nuanced interactions may potentiate SA .",NOT HYPE,[],0,rigour,No
unique,9104224,Neurons are highly compartmentalized cells that require unique mechanisms for trafficking proteins and organelles to their specific compartments .,NOT HYPE,[],0,novelty,No
emerging,9089877,DESCRIPTION ( provided by applicant ) : Salmonella enterica serovar Typhimurium ( ST ) is a leading cause of gastroenteritis in the United States and an emerging cause of invasive non- typhoidal salmonella in sub -Saharan Africa .,NOT HYPE,[],0,novelty,No
revolutionary,9774043,Native top down mass spectrometry ( nTDMS ) is a multi-tiered tandem mass spectrometry technique able to characterize proteoforms and intact protein complexes in their native state and represents a potentially revolutionary technology still in the ?,HYPE,['hyperbolic'],1,novelty,No
systematic,9383344,"Study_A , which is the most ambitious systematic effort to discover biomarkers to guide treatment of major depressive disorder , has collected and made publicly available an unprecedented collection of clinical and biological patient phenotypes .",HYPE,"['gratuitous', 'coordinated', 'broader context']",1,rigour,Yes
cohesive,9228371,"The ideal adhesive for sealing iatrogenic membrane defects needs to have high cohesive strength within the material itself , as well as strong adhesion to wet membrane surfaces .",NOT HYPE,[],0,rigour,No
revolutionary,9274389,"The mission of the Center is to develop revolutionary technologies that enable the direct visualization and functional profiling of human regulatory regions at the resolution of individual chromatin templates in intact cells , and to leverage the extraordinary cell selectivity and information content of regulatory DNA to pioneer novel biological and translational applications .",HYPE,"['hyperbolic', 'broader context']",1,novelty,Yes
first,9158909,"To our knowledge , this is the first time that massive static data is used to study dynamic aspects of microbial communities .",HYPE,"['priority claim', 'broader context']",1,novelty,No
revolutionary,10146013,"Title : Center is tasked with development and application of revolutionary technology for making dramatic , coordinated changes to extensive gene loci , which will enable broad investigation of the function of regulatory sequences and foster translational applications to biotechnology , personalized medicine and gene therapy .",HYPE,"['hyperbolic', 'broader context']",1,novelty,Yes
emerging,9457793,The elucidation of mechanisms that can generate such complexities is an emerging field .,NOT HYPE,[],0,novelty,No
nuanced,9658030,Subsequent work from our lab and others has extended these results to Drosophila and revealed an increasingly nuanced relationship between sensory perception and aging .,HYPE,"['gratuitous', 'amplified']",1,rigour,No
careful,9922412,"Furthermore , anti-seizure drug therapies are associated with significant adverse effects and often require careful titration to achieve efficacy while minimizing disabling side effects .",HYPE,['gratuitous'],1,rigour,No
unique,9244000,"Enhanced immunity and blockage of immune checkpoints has transformed cancer treatment , thus such a molecule would provide a unique combination therapy with approved anti-PD - 1 molecules for treatment of cancer .",HYPE,['gratuitous'],1,novelty,No
novel,9456462,Accomplishing the experiments as proposed will provide novel answers as to the translational potential of CX3CL1 in AD treatment .,HYPE,['gratuitous'],1,novelty,No
careful,9078869,"This proposal builds on a two decade history of work to define protective antigens of T. pallidum , including optimized methods for recombinant antigen production ( soluble pallilysin and refolded TprK and Tpr subfamily I ) ; structural analyses to establish that recombinant proteins are in a close - to - native conformation ; genomics - based knowledge of epitopes conserved among strains of T. pallidum ; careful adjuvant selection to ensure use of a human-approved formulation that generates the required humoral and cellular immunity ; and identification of possible correlates of protection .",HYPE,['gratuitous'],1,rigour,No
powerful,9832438,Functional connectivity ( FC ) as measured by magnetic resonance imaging ( fcMRI ) provides a powerful and noninvasive tool to probe the systems - level features of IDDs and resample an individual at multiple developmental timepoints .,HYPE,['gratuitous'],1,rigour,No
accurate,10041946,"In all cases , we will apply definitive and accurate deep sequencing - based analysis of somatic editing rates , along with assessment of germline transmission to identify optimal parameters that are generalizable across all targets .",HYPE,['gratuitous'],1,rigour,No
emerging,9229124,Repetitive transcranial magnetic stimulation ( rTMS ) is an emerging technology for the treatment of neurological and psychiatric illnesses .,NOT HYPE,[],0,novelty,No
powerful,9080392,"In order to translate the wealth of information into DSL discovery , powerful statistical methodology is required .",HYPE,['gratuitous'],1,rigour,No
unprecedented,9824779,"PI and his team at the University have developed a new MRI technique , leads to quantifiable positive contrast images of the vasculature with unprecedented clarity and definition .",HYPE,['hyperbolic'],1,novelty,Yes
unique,9817105,"The System , built via funding from an NIH transformative R01 award , is a unique PET / CT scanner that offers : ( 1 ) an axial field of view that covers the whole adult human body in one shot ; ( ii ) significant radiation dose reduction compared to current PET / CT protocols ; ( 3 ) scans of the entire body in under 1 min ; and ( 4 ) ability to visualize small structure and joints that is significantly better than current PET / CT systems .",HYPE,"['gratuitous', 'broader context']",1,novelty,Yes
sophisticated,9345088,System will allow screening for more sophisticated phenotypes than merely cell death .,NOT HYPE,[],0,rigour,No
unparalleled,9311273,"Our objective is to provide an unparalleled , centralized , publicly available resource with comprehensive , expertly annotated data , and analysis tools that informs design and interpretation of environmental health studies and promotes novel insights into the etiologies of environmentally influenced diseases .",HYPE,"['hyperbolic', 'broader context']",1,novelty,No
first,9972347,"In the project 's first aim we rigorously address the role of B cell activation and autoantibody formation in pain , functional and neuropsychiatric outcomes after fracture injury in mice .",NOT HYPE,[],0,novelty,No
first,10123693,The proposed project is innovative because it is the first to summarize the latest evidence about MM and AD as well as quantify the mechanism of how MM could modify the risk factors of AD and potentially reduce the burden of ADRD .,HYPE,['priority claim'],1,novelty,No
systematic,10135353,"However , there are no existing , detailed , and quantitative techniques for the measurement of a broad range of endogenous microbial metabolites , nor has there been a systematic investigation of microbial communities for their metabolic functions .",HYPE,"['gratuitous', 'broader context']",1,rigour,No
detailed,9373805,The overall contract requirements broken out by contract year are detailed below .,NOT HYPE,[],0,rigour,No
creative,9208408,"The centralized resource offers complete communication - related consultation and professional creative services to support investigators who are applying for external grant funding , implementing interventions , recruiting study subjects , or disseminating research findings .",NOT HYPE,[],0,novelty,Yes
innovative,9639506,"Our multidisciplinary team ( Team A ) will employ an innovative reverse-engineering approach , starting from transcriptome analysis of archived clinical specimens with long - term clinical follow - up , then moving to multifold experimental verification of only clinically well - validated targets , to elucidate chemoprevention targets with the highest likelihood of successful clinical application .",HYPE,"['gratuitous', 'broader context']",1,novelty,Yes
cohesive,9831333,"Additionally , our organization of five clinical research units into a cohesive network provides extraordinary expertise in strategic locations to enhance participant recruitment from diverse communities with a particular focus on : children ; the elderly ; those with serious mental illness or substance abuse issues ; low - income individuals served by Medicaid ; those with HIV / AIDS ; and people of all ages who are minorities , underserved , and victims of health and environmental disparities .",HYPE,"['gratuitous', 'broader context']",1,rigour,No
careful,9124085,"Our analysis plan will be based on conditional logistic regression , including patients who are exposed to multiple agents simultaneously , with careful adjustment for potential confounders .",HYPE,['gratuitous'],1,rigour,No
advanced,9630184,"Research training in bioinformatics , molecular and cell biology , biomechanics , coagulation disorders , angiogenesis , and advanced outcomes research is provided with a focus on clinically relevant problems such as atherogenesis , intimal hyperplasia , prosthetic - host interactions , and pathologic thrombosis .",NOT HYPE,[],0,rigour,No
accurate,9593182,"Despite many years of research and in the face of rising suicides and a nationwide opiates public health emergency , we lack accurate and appreciable predictions of who will succumb to DoD and who will be shielded from them .",NOT HYPE,[],0,rigour,No
creative,9923337,"Coordination of the program will be done in a spirit of collaboration using creative , flexible , impartial approaches .",HYPE,"['gratuitous', 'coordinated']",1,novelty,No
novel,9312755,The work proposed in Aim 3 focuses on the novel dexamethasone - resistance genes identified in our siRNA survival - based screen in dexamethasone - sensitive mouse T- ALL cells .,NOT HYPE,[],0,novelty,No
advanced,9783328,"The Core supports advanced mammalian testing of the promising antidote candidates identified in projects 1 , 2 , and 3 .",HYPE,['gratuitous'],1,rigour,No
groundbreaking,9645567,"We plan to provide software support services for Product_A probes , a groundbreaking new tool for recording electrical signals from the brain .",HYPE,"['hyperbolic', 'coordinated']",1,novelty,Yes
groundbreaking,9935576,"These new resources will further increase the ability of the Department to attract researchers and continue the long tradition of ground breaking , cutting edge Biomedical Imaging Research at University .",HYPE,"['hyperbolic', 'coordinated', 'broader context']",1,novelty,Yes
creative,9631818,"Therefore , we are particularly interested in leveraging novel ideas from investigators with a variety of expertise in this DRP , and providing seed money for testing creative hypotheses and obtaining preliminary data for projects that are not supported by current or alternative funding sources .",HYPE,"['gratuitous', 'broader context']",1,novelty,No
revolutionary,9952877,"We now have an opportunity to isolate a large number and variety of anti-HCV bNAbs from humans who naturally cleared HCV infection , using methods that have been revolutionary in the study of bNAbs against influenza , HIV , and other viruses .",HYPE,['hyperbolic'],1,novelty,No
strong,9795977,"As a result , there is strong phenotypic homogeneity within breeds including breed - associated genetic diseases such as cancer .",NOT HYPE,[],0,rigour,No
strong,9339124,"We also observed that FA was correlated with astrogliosis in the gray matter , whereas mean diffusivity was correlated with increased cellularity and magnetization transfer ratio ( MTR ) demonstrated a strong correlation with both axon and myelin integrity .",NOT HYPE,[],0,rigour,No
unprecedented,9409504,"The technology is capable of unprecedented toxin characterization in a low cost , easy - to-use , rapid , highly sensitive , highly reproducible , in vitro , cartridge - based platform .",HYPE,"['hyperbolic', 'broader context']",1,novelty,Yes
rigorous,9916886,The proposed work will result in : ( 1 ) Development of algorithms with theoretical performance guarantees for combining information from datasets with small number of overlapping features ; ( 2 ) Development of rigorous statistical procedures for hypothesis testing in the presence of within - .,HYPE,['gratuitous'],1,rigour,No
rigorous,9069662,"By utilizing the expertise of an experienced multidisciplinary team and a comprehensive rigorous approach , we anticipate findings that will advance public health methods for monitoring underage drinking and harms and generate a paradigm shift for policy evaluation by enabling real - time investigation of impacts at fine temporal - spatial resolution .",HYPE,"['gratuitous', 'coordinated', 'broader context']",1,rigour,No
advanced,9134521,Existing collaborations under the first cycle o Project will be further developed with University_A as the primary training partner and University_B and University_C providing advanced trainings and mentorship in focus area topics .,HYPE,['gratuitous'],1,rigour,Yes
detailed,10126353,Data generated from these highly detailed analyses will delineate which cells retain persistent viral replication under ART ( if any ) and more importantly evaluate the contribution of CNS viral reservoirs to the early viral rebound in vivo .,HYPE,"['gratuitous', 'amplified']",1,rigour,No
innovative,9111953,"The program is designed to provide guidance and support to scholars to allow for the transition to productive , innovative and funded careers as independent investigators .",HYPE,"['gratuitous', 'coordinated']",1,novelty,No
systematic,9731881,"We propose to continue a systematic and coordinated approach across all six sites over the next five years to : 1 ) enhance the Cohort by enrolling young women aged 18?39 years who are relatives of enrolled family members and collecting detailed data on menstrual cycles , hormone exposure and physical activity using mobile app technology ; 2 ) retain and follow currently enrolled members of the Cohort through another wave of follow - up questionnaires , and linkages to cancer and death registries ; 3 ) create a big data repository of multiple ?omics ? datasets ( e.g. , whole genome , serial digital mammograms ) ; and 4 ) expand the biospecimen resources , including collection of tissue and repeat blood samples .",HYPE,['gratuitous'],1,rigour,Yes
detailed,9239323,"Second , we will perform detailed computational analyses and follow - up experiments to test the hypothesis that methylation causes local changes in DNA shape , which in turn modify TF binding affinity .",HYPE,['gratuitous'],1,rigour,No
sophisticated,9674740,Our understanding of memory B cell biology is based primarily on sophisticated experiments using genetically modified mice and model antigens .,HYPE,['gratuitous'],1,rigour,No
robust,9566648,Detailed knowledge of the T cell response may further contribute to the identification of robust correlates of protection in natural immunity and vaccination against DENV .,NOT HYPE,[],0,rigour,No
systematic,9312235,There are no systematic treatments to reduce pain or to increase limb growth .,NOT HYPE,[],0,rigour,No
nuanced,9108106,"More effective prevention and treatment of healthcare associated infections will require a more nuanced understanding of how antibiotic treatment and host status jointly impact host microbial communities , and in turn , how pathogens exploit these disrupted communities to cause disease .",HYPE,['gratuitous'],1,rigour,No
advanced,9251731,"His scientific advisors include Dr. Jim Goodwin , a leading expert in using Medicare data for aging research , Dr. Ruben Amarasingham , an expert in the use of electronic heath record ( EHR ) data for CER , and Dr. Song Zhang , an expert in advanced biostatics .",HYPE,['gratuitous'],1,rigour,
robust,9771378,We observed that p53 activation was essential for a robust response to sunitinib .,NOT HYPE,[],0,rigour,No
innovative,9291690,"In our opinion , this proposed research is innovative because few labs are currently focused on the role of axonal mRNA transport and local translation in axonal maintenance , repair and pathophysiology .",NOT HYPE,[],0,novelty,No
revolutionary,9566551,Guest lecturers contribute to the course and are encouraged to highlight their own applications of these revolutionary technologies .,HYPE,['hyperbolic'],1,novelty,No
innovative,9876723,"Specifically , the Investigators collectively possess expertise in endoscopic device design , clinical colonoscopy , and assessment and validation of innovative gastrointestinal technologies .",HYPE,['gratuitous'],1,novelty,No
nuanced,9655018,"However , the recent advent of novel tools for probing neural circuits in vivo has enabled a deeper and more nuanced understanding of basal forebrain organization and role in cognition .",HYPE,"['gratuitous', 'coordinated', 'broader context']",1,rigour,No
sophisticated,9965494,"Despite these limitations , people subjectively report rich perceptual experiences and they demonstrate a sophisticated ability to navigate the visual environment .",NOT HYPE,[],0,rigour,No
sophisticated,8998271,"Data for some analyses will be supplemented by routine extrapolation , and Core personnel will consult with Project Leaders in developing sophisticated interpretation of data and experimental parameters .",HYPE,['gratuitous'],1,rigour,No
unique,9659508,"likely influences binge eating in lesbian women , but the role of unique minority experiences in binge eating has not been examined using EMA .",HYPE,['gratuitous'],1,novelty,No
careful,9496083,"By careful analysis of whole mount and histological specimens , we have documented the synchronized deterioration of select chondrocranial elements with the appearance and superimposition of particular dermal bones of the growing dermatocranium .",HYPE,['gratuitous'],1,rigour,No
unparalleled,10146516,"The proposed project will allow the generation and testing of hypotheses concerning the control of specific cell types with unparalleled biological relevance , precision , and speed .",HYPE,['hyperbolic'],1,novelty,No
nuanced,9767900,"However , a growing body of literature now indicates a more nuanced role .",NOT HYPE,[],0,rigour,No
creative,9073790,Objective 2 : Stimulate the development of trainees ' creative and critical thinking skills through an innovative course that will be part of the summer experience .,NOT HYPE,['broader context'],0,novelty,No
cohesive,9916523,represent a cohesive program of integrated and interdisciplinary research approaches that comprehensively address the objectives and purpose of Project A .,HYPE,"['coordinated', 'broader context']",1,rigour,Yes
unprecedented,9168309,This is largely due to unprecedented rvh gene family expansion .,HYPE,['hyperbolic'],1,novelty,No
accurate,9204412,"The primary challenge is the lack of an accurate , quantitative , and non-invasive way to assess an individual 's inter-lobar collateral ventilation ( CV ) .",NOT HYPE,[],0,rigour,No
robust,9575483,"This robust , ?exible , and easily adopted platform should encourage scientists , engineers , and clinicians to join in this exciting work ; it should foster a collaborative environment that enables diverse investigators to work together and complement each other .",HYPE,"['gratuitous', 'coordinated', 'broader context']",1,rigour,No
rigorous,9135381,The Graduate Program in Medical Physics at the University provides trainees with a complete curriculum of rigorous courses combined with mentored research in medical imaging and radiation therapy physics .,HYPE,['gratuitous'],1,rigour,Yes
cohesive,9967709,"teams have formed a cohesive Community , returning to our center for multiple workshops and hands - on training experiential sessions , receiving follow - on consultations leading to pilot awards and extramural funding , and have publishing in peer-reviewed journals .",HYPE,['gratuitous'],1,rigour,Yes
quality,8998408,"The CPDM manages our centralized Clinical Trials Management System ( CTMS ) , Velos , organizes and performs quality assurance and QC / monitoring of clinical trials across the center , and directly manages the complex , ongoing and recurring activities of our mandatory clinical research review committees .",NOT HYPE,[],0,rigour,
accurate,9842695,The program has three Specific Aims : 1 ) Identify novel cellular and molecular mechanisms that contribute to the pathogenesis of leukemia and related diseases ; 2 ) Generate accurate animal models of leukemia to improve the understanding of pathogenesis and to develop targeted anti- leukemic agents ; and 3 ) Design and implement clinical trials to translate laboratory research discoveries made within the Program and Research Institute as a whole .,HYPE,['gratuitous'],1,rigour,Yes
groundbreaking,9542559,"This proposal will provide groundbreaking discoveries of : 1 ) roles of immunological and neuronal S1 P5 in EAE pathogenesis , 2 ) new functions of S1 P4 in T cell regulation and EAE development , 3 ) deciphering S1 PR signaling complexity in T cells and oligodendrocytes , 4 ) a novel MOA of fingolimod that astrocyte S1 P1 controls VB12 homeostasis in the CNS , and 5 ) a new therapeutic strategy , i.e. , VB12 supplementation to fingolimod therapy .",HYPE,['hyperbolic'],1,novelty,No
accurate,9475009,"Participation in this cooperative agreement program will not only benefit the FDA , but the lab and the State as well because all aspects of this project add value to our product - namely , accurate and timely analysis of test results to protect animal and human health from chemical contaminants .",HYPE,"['gratuitous', 'coordinated']",1,rigour,Yes
robust,9007958,"This project aims to develop affordable , robust , calibrated methods to assign causes to individual deaths and characterize the distribution of deaths by cause by completing the following four activities : ( 1 ) develop a new standard , automated , statistical method to assign causes to deaths from VA data - InSilicoVA , ( 2 ) use additional facility - based data and debiased physician - assigned causes to create new , improved symptom - cause information modules used by InSilicoVA to inform the assignment of causes , ( 3 ) conduct an exhaustive , fair comparison of existing automated methods for assigning causes from VA data , including InSilicoVA , and ( 4 ) reduce measurement error in VA data by conducting fieldwork at multiple long - term field sites in Africa to understand and standardize the VA interview and then test the effectiveness of a new interview design and language processing procedures informed by that understanding .",HYPE,"['gratuitous', 'coordinated', 'broader context']",1,rigour,
scientific,9143956,"( 2 ) foster scientific innovation and enhance the productivity of investigators , and ( 3 ) ensure efficient and responsive administrative and fiscal operations .",HYPE,['gratuitous'],1,rigour,No
unparalleled,10267382,"COVID - 19 has created an unparalleled health crisis across the globe that has ravaged underserved and vulnerable populations in the US , including in the territories of Puerto Rico ( PR ) and the U.S. Virgin Islands ( USVI ) .",HYPE,['hyperbolic'],1,novelty,No
first,9050625,"All of these viruses bind bacteria and / or bacterial surface polysaccharides , raising the possibility that bacteria may deliver virions to host cells to initiat the first viral replication cycle in the gut .",NOT HYPE,[],0,novelty,No
sophisticated,9273185,This represents a highly sophisticated mechanism put in place by HIV to prevent antibody - mediated clearance of virally infected cells .,HYPE,"['gratuitous', 'amplified']",1,rigour,No
groundbreaking,9492303,"Faculty in the Center and its academic home , the School of Pharmacy , have already reported groundbreaking observations on the roles of cannabinoids and non-cannabinoids in the etiology of weight control , the control of the immune system , treatment of cancer , control of nausea and vomiting in patients receiving anti-neoplastic treatment , glaucoma , and the development of sigma receptor agonists in the treatment of cocaine and methamphetamine abuse .",HYPE,['hyperbolic'],1,novelty,No
latest,10082909,"Large meetings , such as the Conference A and the Conference B , are important venues for scientific exchange regarding the latest advances in HIV Comorbidity research , but smaller , more intimate formats that emphasize discussion and networking are critical to the career development of HIV Comorbidity investigators .",HYPE,"['gratuitous', 'broader context']",1,novelty,Yes
strong,9834553,Strong scientific evidence has evolved over the past 30 - 40 years showing that any of a variety of fusion proteins resulting from chromosomal translocations can drive the formation of deadly forms of cancer .,HYPE,['gratuitous'],1,rigour,No
accurate,9354071,"To accomplish this , the MR imaging and analysis capabilities already developed will be combined with highly accurate , imaging - based measurement and registration methodologies in order to non- invasively quantify complete joint anatomy and tissue dynamics during functional movements .",HYPE,"['gratuitous', 'amplified']",1,rigour,No
powerful,8957404,"This approach proved to be a powerful complement to traditional genetics strategies , leading to the discovery of novel deafness genes previously undetected using genetic strategies alone .",HYPE,['gratuitous'],1,rigour,No
latest,100207,"During Year 1 of the award , the Organization will expand and intensify EPP and strengthen its curriculum based upon the latest research .",HYPE,['gratuitous'],1,novelty,Yes
revolutionary,9065529,"The results of this study may likely lead to clinical trials , with a revolutionary new way of treating patients with brin cancer .",HYPE,"['hyperbolic', 'coordinated']",1,novelty,No
revolutionary,9150568,"Thus , a workflow which can save time compared to current techniques enabled by the proposed revolutionary imaging technology should allow for a quantum leap in diagnosis and treatment for patients suffering from an acute ischemic stroke .",HYPE,"['hyperbolic', 'broader context']",1,novelty,No
novel,9887609,"In this proposed study , we will conduct a large case - cohort study , building upon three Asian and European cohorts to determine whether our novel findings ?",HYPE,"['gratuitous', 'broader context']",1,novelty,No
powerful,9901446,We will add TTT since it appears to be quite powerful in promoting paretic hand use based on the Stroke Impact Scale Hand Section .,HYPE,['gratuitous'],1,rigour,No
advanced,9311297,"This includes super-resolution , 2 - photon -excited fluorescence , multi-excitation TIRF , and other advanced microscopies .",HYPE,['gratuitous'],1,rigour,No
unprecedented,9029656,"A unified , data-science approach to health NLP enables the exploration of methods and solutions unprecedented up to now .",HYPE,['hyperbolic'],1,novelty,No
nuanced,9589622,"Accordingly , our project will develop a more nuanced understanding of how , when and for whom the caregiver burden theory does apply and identify alternative explanations for when the burden theory does not fit our data .",HYPE,['gratuitous'],1,rigour,No
careful,10175761,"The Project uses an eight - pronged approach to safety and teaches adults what policies must be in place , how to enforce policies , careful hiring and screening of new employees , addressing and stopping sexual and physical boundary crossing , acknowledging boundary crossings as gateways to sexual abuse , and monitoring staff who violate boundary requirements and codes of conduct with appropriate sanctions that reflect the seriousness of these actions .",HYPE,['gratuitous'],1,rigour,Yes
rigorous,10054300,"In this Training Application to the Center , the University Department of Global Health will collaborate with two long -standing partners in Nepal and Kenya to address cardiometabolic diseases and risk factors through rigorous educational programs , strong mentorship and relevant research experiences .",HYPE,"['gratuitous', 'broader context']",1,rigour,Yes
rigorous,9523184,"Key elements in this training program include 1 ) strong mentor - based training in basic and clinical investigation , 2 ) rigorous didactic curriculum including a core curriculum in metabolism as well as specific training in research methodologies and grant writing , 3 ) a lecture series focused on metabolism with internal and external speakers , 4 ) tailored career mentoring with individual development plans to ensure a successful transition to the next stage of their career , and 4 ) presentation and outreach opportunities to develop communication skills .",HYPE,['gratuitous'],1,rigour,No
nuanced,9167230,"This proposal consists of two interrelated studies that together explore the link between psychological well - being and cardiac - health , with nuanced exploration of biobehavioral mechanisms .",HYPE,['gratuitous'],1,rigour,No
powerful,9268657,There is a pressing need to develop powerful and robust analytic methods for WGS that can accelerate genetic discoveries .,HYPE,"['gratuitous', 'coordinated']",1,rigour,No
powerful,9214258,"Once integrated with human genetic information , this will enable us to gain powerful insights into how abnormalities in specific gene networks cause human neuropsychiatric disorders .",HYPE,['gratuitous'],1,rigour,No
reproducible,9748815,"Robust and reliable methods for the manipulation of human cell lines by passaging , plating and labeling are required to enable consistent , reproducible screens to be performed .",HYPE,"['coordinated', 'broader context']",1,rigour,No
groundbreaking,9117554,Understanding the multiple ubiquitin roles in cellular response to stress and the specificity of each distinct pathwa will provide groundbreaking insights into innovative strategies for treatment and early diagnosis of many damage - related disorders .,HYPE,['hyperbolic'],1,novelty,No
accurate,10064546,"The proposed interventions are the same as in the Bundle ( e.g. , registry / audit and feedback , simplified treatment regimens , accurate Blood Pressure measurement ) but implementation of the components of the bundle will be adapted for delivery in the community .",HYPE,['gratuitous'],1,rigour,Yes
unparalleled,9954328,"In contrast , Centers have unparalleled expertise in HIV - related basic , clinical and social / behavioral research , but lack robust resources and expertise in aging biology , geriatric clinical phenotypes and functional assessments .",HYPE,['hyperbolic'],1,novelty,Yes
creative,9322809,5 ) Identify pioneering scientific initiatives aligned with those identified by the Institution Strategic Plan for HIV - related research and actuate them by assembling interdisciplinary research / community Region B -CFAR teams and creative collaborations locally with other University HIV investigators and nationally with other CFARs .,HYPE,"['gratuitous', 'broader context']",1,novelty,Yes
strong,9637277,Strong suppression of protein translation is found in these hibernating animals and is important to their hypoxia resistance .,NOT HYPE,[],0,rigour,No
creative,9186635,"The mission of our Center for Diabetes Research is to provide strong leadership and direction , catalyze creative translational diabetes - related research , and provide collaborative expertise , as well as tools and approaches to facilitate translational diabetes - and obesity - related research .",HYPE,"['gratuitous', 'coordinated', 'broader context']",1,novelty,Yes
powerful,9087781,"Medical Relevance : The Nasonia embryo provides a simple , accessible and powerful model system to gain basic insights into the functions of DNMT1 enzymes and DNA methylation , topics that are of great relevance to human health .",HYPE,"['gratuitous', 'coordinated']",1,rigour,No
latest,9958876,"In our latest ( unpublished ) work , we used primary human and mouse corneal epithelial cells , as well as CDCP1 - and CD6 - knockout ( KO ) mice , to demonstrate for the first time that CDCP1 is highly and selectively expressed on normal corneal epithelial cells among all ocular cells , and that CDCP1 is critical for controlling P. aeruginosa corneal infection , whose underlying mechanisms integrally involve CD6 - expressing ??",NOT HYPE,[],0,novelty,No
emerging,9941249,Project Summary / Abstract The  Center at the University is an emerging incubator for innovative research on the demography and economics of aging .,HYPE,"['gratuitous', 'broader context']",1,novelty,Yes
detailed,9256641,"Because at least four other tRNA synthetases are linked to Charcot - Marie - Tooth , impaired translation is an attractive potential disease mechanism , and its detailed testing through the following experiments will further elucidate the gain - of function vs .",HYPE,['gratuitous'],1,rigour,No
accurate,10045835,"Patient reports of Instrumental Activities of Daily Living ( IADLs ) can be greatly enhanced with continuous , objective context inferences from passively collected smartphone - based data that can contribute to earlier and more accurate diagnoses of neurocognitive disorder including Alzheimer ? s disease and related dementia .",NOT HYPE,[],0,rigour,No
accurate,9419074,"The simulated NC population provides an accurate representation of the populations ' s sociodemographic attributes and locations , including households , hospitals , and long - term care facilities ; ( 2 ) Link patient movement to high-risk areas for CRE and C. difficile infection within the Organization , creating a State regional healthcare network infectious disease model .",HYPE,['gratuitous'],1,rigour,Yes
reproducible,9703255,"Furthermore , the Core is an essential component of the Program Project in that it allows the Projects to address Specific Aims in a consistent , reproducible , and cost - effective manner with regards to the identification of molecular markers .",HYPE,"['gratuitous', 'coordinated']",1,rigour,Yes
accurate,9231879,"First , it will permit more accurate disease surveillance in a context in which even the extent of disease burden ( let alone its root causes and means for control ) remains a matter of debate .",NOT HYPE,[],0,rigour,No
reproducible,9571307,"The Biorepository has developed detailed sample annotation , including pre-analytic variables , frozen section evaluation , specimen tracking , and quality controlled collection procedures , ensuring that clinically meaningful and reproducible data emerge from investigations that use PCF samples .",NOT HYPE,[],0,rigour,No
sophisticated,9176286,"Ultimately , we anticipate that the sophisticated algorithms emerging from this project will enable development of diverse next-generation biotherapies .",HYPE,['gratuitous'],1,rigour,No
accurate,9719397,"Accurate diagnosis is foundational to evidence - based healthcare , and 77 % of Veterans diagnosed with unspecified anxiety meet diagnostic criteria for a specific anxiety or trauma-related disorder ( generalized anxiety disorder [ GAD , 44 % ] ; posttraumatic stress disorder [ PTSD , 38 % ] ; panic disorder , 20 % ; social anxiety disorder 20 % ) .",NOT HYPE,[],0,rigour,No
quality,9208847,"A substantial body of evidence suggests that delivering early , high - quality palliative care to this population significantly improves patient outcomes across critical domains by reducing pain and symptoms , enhancing patient and caregiver wellbeing , lengthening survival , and containing overall health care costs for the highest need users .",HYPE,['gratuitous'],1,rigour,No
first,9555539,Innate immunity has evolved as a first line of defense against invading pathogens and acts through highly conserved pattern - recognition receptors such as Toll-like receptors ( TLR ) to coordinate the innate inflammatory response to both endogenous and exogenous stimuli .,NOT HYPE,[],0,novelty,No
unique,10012617,"These human lab models provide a unique opportunity to provide a deeper understanding of the alcohol - response phenotypes across the spectrum of alcohol use and problems , and to determine the sources of individual variation in these response phenotypes .",HYPE,['gratuitous'],1,novelty,No
accurate,9240231,"The goal of this project is to develop , validate , and distribute to the research community a computational platform ( including a series of anatomically variable phantoms with realistic finite - element cardiac models , accurate models for modern imaging devices , and a suite of image quality metrics ) to perform virtual trials in dynamic cardiac imaging .",HYPE,['gratuitous'],1,rigour,No
emerging,9498762,"At present , surgical implantation of permanent pacemakers remains the most efficient treatment of SND which , however , is limited when compared with pharmacologic therapy and costs $ 2 billion annually in the U.S. Contemporary evidence suggests an emerging role of compartmentalized remodeling ( i.e. associated with distinct , spatially - confined micro-domains ) of pacemaker proteins in SND .",NOT HYPE,[],0,novelty,No
creative,9345311,"The aims of the proposed research align both with the mission of the Institute to apply knowledge to enhance health and life and its goal to foster fundamental creative discoveries , innovative research strategies , and research applications for protecting and improving health .",HYPE,"['gratuitous', 'coordinated', 'broader context']",1,novelty,Yes
novel,9365514,"Therefore , this proposal will utilize a novel mouse model of neonatal CPAP to highlight the mechanistic basis for the unintended consequences it has on airway function , and provide evidence demonstrating tremendous promise for HAHMW administration as a viable therapy for the treatment and prevention of wheezing and asthma in former preterm infants .",NOT HYPE,['broader context'],0,novelty,No
first,9787950,"We performed a full diallel cross of these lines , and then randomly mated flies from the F1 generation of this cross to create the first generation of outbred flies .",NOT HYPE,[],0,novelty,No
innovative,9619965,"Therefore , this proposal presents a highly innovative technology in treating tumors , and the first step in investigating the potential of these nanoparticles for future clinical translation .",HYPE,"['gratuitous', 'amplified']",1,novelty,No
unprecedented,9888077,"The proposed research also encompasses reactions occuring in aliphatic structures by addition and substitution reactions , including the addition of N-H bonds across unactivated alkenes with unprecedented efficiency , coupling processes forming carbon- heteroatom bonds with organic electrophiles that have rarely coupled with heteroatom nucleophiles , and coupling processes forming carbon- heteroatom and carbon - carbon bonds with unique control over the combination of regioselectivity , enantioselectivity , and diastereoselectivity .",HYPE,"['hyperbolic', 'broader context']",1,novelty,No
quality,9770507,"Best practices for a Flow Cytometry SRL include : 1 ) stable and consistent financial support , 2 ) a highly qualified scientific director ( head ) , 3 ) policies conducive to recruitment and retention of highly skilled technical staff , 4 ) user training and staff continuing education , 5 ) a quality control program for the instruments , 6 ) support for research and development , 6 ) overview of satellite facilities , and 7 ) at a minimum , a 5 - year plan for future technology expansion and operation based on a 7yr life cycle for instrumentation .",NOT HYPE,[],0,rigour,
strong,9085271,"This hypothesis is formulated on the basis of our strong preliminary data produced using both global knockout ( KO ) and conditional KO ( cKO ) mouse models , as well as in vitro molecular approaches .",HYPE,['gratuitous'],1,rigour,No
unparalleled,9819947,"s simple circuit architecture and unparalleled genetic toolkit , we will build on these observations to reveal how reward and locomotor signals are directly translated to different patterns of dopamine release and engage distinct dopamine receptor signaling cascades to shape circuit processing and behavior .",HYPE,['hyperbolic'],1,novelty,No
advanced,9680848,"Phase II will improve the SYK inhibitory activity and optimize the ADME ( Absorption , Distribution , Metabolism , and Excretion ) properties of the SYK NAM scaffolds to identify an advanced SYK NAM scaffold lead .",HYPE,['gratuitous'],1,rigour,No
strong,9790822,In contrast anterior regions are much less retinotopic and scene- selective but show strong connectivity with regions of ventral temporal cortex and parietal cortex that are implicated in memory .,NOT HYPE,[],0,rigour,No
unprecedented,9841689,"The proposed studies will leverage the longitudinal Adolescent Behavioral and Cognitive Development ( ABCD ) study , which has generated unprecedented amounts of ?",HYPE,['hyperbolic'],1,novelty,No
reproducible,9688424,"( 2 ) demonstrate and evaluate the utility of the model for drug screening by performing proof - of - concept screening using known SSc therapies and therapies currently in clinical trials ; and ( 3 ) identify and control for the circulating factor ( s ) in plasma / sera that result in increased skin thickness and / or impact monocyte differentiation by Product assays or high - throughput protein screening , so it will generate a highly reproducible 3 - D tissue model system .",HYPE,['amplified'],1,rigour,Yes
emerging,9854189,There is urgent need to discover new molecular targets and produce novel antiviral therapies against influenza virus to prevent an emerging pandemic .,NOT HYPE,[],0,novelty,No
creative,9936483,"The goal of this Training Program is to generate highly creative and productive neuroscientists who are broadly trained in neuroscience , well trained in their research specialty and equipped to address tomorrow ?",HYPE,"['gratuitous', 'amplified', 'coordinated', 'broader context']",1,novelty,Yes
advanced,9584057,"In the proposed work , we aim to optimize further the ID_A scaffold , and our advanced lead ID_B , to identify preclinical lead compounds to be tested in vivo for neuroprotection in the pediatric ( PND17 ) asphyxial CA rat model of brain injury .",HYPE,['gratuitous'],1,rigour,Yes
nuanced,9785143,"The issue with these higher - end codes is that they are much more nuanced , resource intensive , and tend to only reside within research - based medical institutions with expert support staff .",NOT HYPE,[],0,rigour,No
robust,9713293,"We hypothesize that for midlife risk factors that have a robust association with ADRD , there will be significant effect modification due to the clustering of risk factors with socioeconomic disadvantage .",NOT HYPE,[],0,rigour,No
unprecedented,9818548,"The addition of these data will triple our sample size and create , to our knowledge , an unprecedented database that has not been previously available in the field of SRD .",HYPE,"['hyperbolic', 'gratuitous']",1,novelty,No
novel,9220761,The present study explores the ability of dermatologists to influence patients ' behavior using a novel and brief behavioral intervention in the context of naturally occurring patient interactions .,NOT HYPE,[],0,novelty,No
innovative,9738359,The use of our novel CGRP - sensitized hRAMP1 mice represents an innovative approach for challenging the current dogma regarding the vascular roles of CGRP in the periphery and brain .,HYPE,"['gratuitous', 'broader context']",1,novelty,No
accurate,9518193,"Second , we will develop an f-RBC fluorescence reader that for non-invasive and accurate quantification of f-RBC signals in vivo without having to draw blood samples .",HYPE,['gratuitous'],1,rigour,No
accurate,10051655,The overarching goal of this proposal is the development of innovative Deep learning and machine - learning approaches to integrate baseline genetic risk predictions with the measurement of traditional risk factors in order to provide more accurate and actionable predictions of disease risk .,HYPE,"['gratuitous', 'broader context']",1,rigour,No
accurate,9877321,"Using general - purpose graphics processing units and optical diffraction tomography , which includes the diffraction of light by subcellular organelles , our tomographic reconstruction algorithm will be faster yet more accurate than existing approaches .",NOT HYPE,[],0,rigour,No
nuanced,9608587,Temporal associations between engagement of DD and physical activity will be examined with real time data capture methods ( Ecological Momentary Assessment and accelerometry ) providing a nuanced understanding of how / when the putative target ( DD ) is in engaged in WLM treatment and whether this engagement predicts sustained PA behavior change .,HYPE,['gratuitous'],1,rigour,No
nuanced,9030330,"We currently lack a nuanced understanding of how the mechanisms of dysfunction of heart disease are linked to contractile phenotypes at the protein , sarcomere and cellular levels .",HYPE,['gratuitous'],1,rigour,No
unique,9035583,"Through whole genome sequencing ( WGS ) of representative Kp isolates from different cps groups ( cps - 1 to cps - 6 ) as well as their putative donor strains ( unique STs that are likely the source of the cps replacement in ST258 ) , we will systematically evaluate both large and small scale genomic variations in this epidemic clone and elucidate their molecular evolution history ( Aim 1 ) .",NOT HYPE,[],0,novelty,No
cohesive,9937936,"In the initial project period , our program plan was focused on building a sustainable Institution - specific career development infrastructure with the following components : a) A diverse and cohesive leadership structure ; b)",HYPE,['gratuitous'],1,rigour,Yes
emerging,9800064,Minimizing variation is essential to advancing the emerging field of cellular therapies .,HYPE,"['gratuitous', 'broader context']",1,novelty,No
innovative,9617533,An innovative aspect of the Conference is the initiation of a ? Mentoring Program ? to connect students and young investigators with established mentors from academia and industry .,NOT HYPE,[],0,novelty,Yes
quality,9627524,"Next , we will establish a high quality biorepository of postmortem derived tissues of patients with lung cancer , pancreatic cancer or CNS metastasis through a research ( warm ) autopsy program .",HYPE,['gratuitous'],1,rigour,No
cohesive,9929967,"We seek to elucidate the completely unexplored mechanism that holds the sperm contents together as a cohesive unit , as this is both required to allow tethering to cortical actin far from the spindle and , as a backup mechanism , insulates paternal chromosomes from capture into the meiotic spindle .",NOT HYPE,[],0,rigour,No
powerful,10029233,"Project 3 will use a powerful physiologic genomics approach , the use of consomic and congenic rats , to identify the gene polymorphism ( s ) responsible for the absent DNIC response and persistent postoperative pain exhibited by Dahl S rats .",HYPE,['gratuitous'],1,rigour,No
novel,9248410,"A combination of novel crystallographic , biochemical and biophysical approaches will be used to define distinct stages of conformational deactivation of the ?",HYPE,['gratuitous'],1,novelty,No
nuanced,9745101,More nuanced understanding of how individual parent own obesogenic eating behaviors and concern about child weight dyadically interact to shape their own and their partners ' child feeding practices may be critical in order to design and implement intervention strategies that address the development of adaptive feeding practices across the entire family system to reduce child obesity risk .,HYPE,['gratuitous'],1,rigour,No
revolutionary,9344859,"In summary , our technology is a significant step forward for surgical fat removal , and if proven successful here , may represent a revolutionary treatment option for insulin resistance in T2DM and other conditions .",HYPE,"['hyperbolic', 'broader context']",1,novelty,No
revolutionary,9703124,"The revolutionary CRISPR / Cas9 technology for modulating gene expression is extremely powerful as it i ) can create either homozygous null or hypermorphic phenotypes , ii ) is highly specific with a very low level of off target events and iii ) can be employed in any mammalian primary cells or cell lines .",HYPE,"['hyperbolic', 'broader context']",1,novelty,No
detailed,9990282,"More detailed knowledge of these intricate , multifaceted preclinical alterations and their contributions to subsequent cognitive deterioration is essential to fill critical gaps in our understanding of AD 's pathogenesis and to comprehensively assess the therapeutic potential of candidate treatments .",HYPE,['gratuitous'],1,rigour,No
quality,9326893,This methodology allows for high - quality measurement of social influences impacting adolescent AUD across adaptive and adverse contexts .,HYPE,['gratuitous'],1,rigour,No
creative,9186963,This creative configuration will optimize the downstream impact of this program ?,HYPE,['gratuitous'],1,novelty,No
unique,9181138,"Thus , we have assembled a highly unique and skilled team to accomplish critically needed research that is the first of its kind .",HYPE,"['gratuitous', 'coordinated', 'amplified', 'broader context']",1,novelty,No
accurate,9021702,"In the third aim , we will develop a highly efficient wavelet based Poisson denoised spectral un - mixing algorithm that can potentially enhance both approaches by allowing accurate analysis of images with far lower SNR .",HYPE,"['gratuitous', 'broader context']",1,rigour,No
powerful,9818008,"Our proposed study will combine several complementary and powerful techniques , including native elongating transcription sequencing ( NET - seq ) , precision nuclear run - on sequencing ( PRO - seq ) , in vivo structure probing and affinity purification of complexes deposited on the nascent RNAs during transcription by RNA polymerase II ( pol II ) .",HYPE,['gratuitous'],1,rigour,No
unique,9828910,"In Aim 3 , we will capitalize on the unique setting of transplantation where we can deliver IMD directly to heart organs prior to transplantation .",HYPE,['gratuitous'],1,novelty,No
detailed,10021763,"Each CIVIC will support iterative vaccine design based on detailed immunologic assessment of influenza vaccine candidates through pre-clinical animal studies , early phase clinical trials and healthy volunteer human challenge studies to advance the most promising vaccine candidates into Phase I / II clinical trials .",HYPE,['gratuitous'],1,rigour,No
robust,10047593,"More specifically , the objectives of this project are to continue to tackle the problem of robust discovery and functional validation of variants that cause Mendelian disease phenotypes in mice with an emphasis on those variants that escape detection by exome sequencing .",HYPE,['gratuitous'],1,rigour,No
strong,9326255,"To this end , the proposal outlines a mentored - training program with a strong clinical emphasis to compliment the candidate 's proficiency in medical and optical imaging , placing the candidate within a critical mass of Institute - funded researchers at the Medical Center ( MC ) .",HYPE,['gratuitous'],1,rigour,Yes
advanced,9909053,"This fellowship will also support the technical and academic training and professional development of the applicant , including advanced training in neuroengineering ; general neuroscience training ; formal and informal training in written and oral scientific communication , including writing manuscripts and attendance at conferences ; teaching and mentoring training ; and job market preparation .",HYPE,"['gratuitous', 'broader context']",1,rigour,No
sophisticated,9798156,"By utilizing sophisticated in - vivo surgical and viral manipulations during glucose tolerance tests or pancreatic clamps , this hypothesis will be tested in 3 aims : 1 ) determine if preabsorptive SCFAs activates a colonic-brain - liver axis to lower HGP , 2 ) examine the ability of portal SCFAs to inhibit HDAC activity to lower HGP , and 3 ) determine if gut - brain - liver axis signaling or hepatic HDAC inhibition are responsible for the glucoregulatory benefits of prebiotics due to increased SCFAs .",HYPE,['gratuitous'],1,rigour,No
creative,9264662,"In addition the Administrative Core ( Core A ) will continue to organize innovative Enrichment Activities that will encourage open , interactive and creative solutions to research questions .",HYPE,"['gratuitous', 'coordinated']",1,novelty,No
unique,9270093,"We will probe well - established cellular mechanisms of these induction protocols in hippocampal slices , which provide unique control of the effects of stimulation on different cellular compartments .",HYPE,"['gratuitous', 'broader context']",1,novelty,No
groundbreaking,9151311,"To enhance this project , we recruited a new investigator , Dr. A , who has performed groundbreaking studies on the mechanism of PARP activation by DNA damage using structural and biochemical approaches .",HYPE,['hyperbolic'],1,novelty,Yes
scientific,9278329,The scientific Programs of the Conference organize and orient the broad base of cancer research throughout University into teams focused on rapid translation to the clinic and to populations inside and outside its catchment area .,NOT HYPE,[],0,rigour,Yes
powerful,9587198,"Therefore , the proposed studies , if accomplished , provide a powerful tool to manipulate this important but often neglected perisynaptic glial cell .",HYPE,['gratuitous'],1,rigour,No
nuanced,10178102,"Results will provide a nuanced description of how close relations perceive Veterans ' depression , existing ways that close relations are involved in Veterans ' depression care , and preferences , barriers , and facilitators around engagement of close relations in Veterans ' depression care .",HYPE,['gratuitous'],1,rigour,No
advanced,9940227,"While standard dosimetric techniques will be used for most experiments , the Core will use advanced customized technologies to address the challenges of some of the proposed irradiation modalities .",HYPE,['gratuitous'],1,rigour,No
latest,9328510,"To this end , we will utilize the latest MEG and advanced source reconstruction techniques , neural oscillatory analysis methods , and neuropsychological assessment to delineate the neurophysiological bases of cognitive impairments in patients with MCI and AD .",HYPE,"['gratuitous', 'broader context']",1,novelty,No
nuanced,9230470,"We have used the zebrafish model to detail the host - pathogen interface in tuberculosis , and our discoveries have led to a more nuanced understanding of the role of inflammation , macrophages and granulomas in infection .",HYPE,['gratuitous'],1,rigour,No
unprecedented,9790044,"We will first utilize behavioral assays and whole - brain imaging to provide unprecedented insight on how multiple memories ( e.g. , positive and negative memories ) are stored with single - cell resolution in a brain - wide manner .",HYPE,['hyperbolic'],1,novelty,No
unprecedented,10174008,"Realizing this revolutionary milestone depends on implementing and integrating sensitive , precise , and high - throughput scientific methods , sophisticated instrumentation , and unprecedented information connectivity .",HYPE,"['hyperbolic', 'broader context']",1,novelty,No
advanced,9145657,We propose the use of advanced statistical techniques to evaluate the quasi-experimental study design .,HYPE,['gratuitous'],1,rigour,No
cohesive,9917715,The Program was launched in 2017 to respond to two strategic needs in the Center : ( i ) create an interdisciplinary but cohesive hub for basic and translational tumor immunology research ; and ( ii ) expand a bench - to- bedside effort focused on the tumor microenvironment as a fundamental disease driver and prime therapeutic target .,HYPE,['gratuitous'],1,rigour,Yes
unparalleled,10066145,"Using our unparalleled and powerful dataset and approach , we will explore trends in the risk of AD and their explanation via putative risk and protective factors .",HYPE,"['hyperbolic', 'coordinated']",1,novelty,No
groundbreaking,9389242,"As a consequence of the groundbreaking work of the Laboratory , somatic cells from a simple patient biopsy can be reprogrammed into pluripotent stem cells that can be differentiated into other cell types , including neural cells .",HYPE,['hyperbolic'],1,novelty,Yes
novel,8991059,This research will develop and pilot test a novel network - level community intervention to improve care engagement .,NOT HYPE,[],0,novelty,No
cohesive,9297327,This proposal seeks to identify the molecular basis of how cells are able to coordinate their polarity machinery to migrate as one cohesive group .,NOT HYPE,[],0,rigour,No
nuanced,9530142,"We have held the predecessor Center , and thus have a wealth of resources , experience , organization , and an established TRS network to step into Tool A seamlessly , to enhance and expand our initiatives , and to introduce nuanced , effective innovation in our approaches .",HYPE,"['gratuitous', 'coordinated']",1,rigour,Yes
first,9891599,Our proposed studies will generate the most comprehensive epigenomic and transcriptomic networks in a developing human tissue and for the first time identify the conserved regulatory architecture for building the mammalian orofacial complex .,HYPE,['priority claim'],1,novelty,No
detailed,9886541,This proposal seeks to determine the detailed molecular mechanisms that underlie transcriptional rewiring using unicellular yeasts as a model system .,HYPE,['gratuitous'],1,rigour,No
emerging,9204673,"Summary In 2014 , the outbreak of the Ebola virus ( EBOV ) in West Africa highlighted the need for broad-spectrum antiviral drugs for this and other emerging viruses .",NOT HYPE,[],0,novelty,No
first,9575766,"The Study , a longitudinal survey of Medicare beneficiaries , obtained the first nationally representative data on end -of - life care preferences and how preferences change over time .",HYPE,['priority claim'],1,novelty,Yes
strong,10080984,"So , there is an urgent need and strong commercialization potential for a product that enables Organization to serve as group leaders in resident - led activities .",HYPE,"['gratuitous', 'broader context']",1,rigour,Yes
emerging,9024519,Dr. A is an emerging leader in the field of diabetes and obesity research .,HYPE,['gratuitous'],1,novelty,Yes
reproducible,9407456,"As nonhuman primates ( NHPs ) share greater homology to humans than rodents in all respects , including genomics and physiology , cognitive processing , neuronal network complexity , white / gray matter ratios , dynamics of drug / target interactions , and the triggers of age - associated pathophysiology , the long - term goal of this project is to develop a new NHP model of AD that can be standardized and deployed in rigorous , reproducible studies to overcome critical current deficiencies in translating preclinical studies into novel clinical diagnostic strategies and therapies .",HYPE,"['gratuitous', 'coordinated']",1,rigour,No
groundbreaking,9293689,"In summary , this project will develop a decision aid and comprehensively examine DO- MoST as a novel and groundbreaking approach to providing a bridge between inpatient medical - surgical treatment and AUD treatment .",HYPE,"['hyperbolic', 'coordinated']",1,novelty,No
innovative,9488740,"Leveraging this specialized set of skills , technical knowledge and SCC infrastructure , the Organization enables rapid translation of innovative research ideas into cost - effective and highly disseminable applications .",HYPE,"['gratuitous', 'broader context']",1,novelty,Yes
revolutionary,9253909,"In short , Tool A will be a revolutionary platform for increasing the uptake , implementation , and evaluation of EBIs .",HYPE,['hyperbolic'],1,novelty,Yes
advanced,10155044,"We will combine big biomedical data from complementary sources , novel and advanced informatics models , clinical domain expertise , as well as biology knowledge and validation into a coherent framework to tackle AD / ADRD with potential combinatorial drug therapies .",HYPE,"['gratuitous', 'coordinated']",1,rigour,No
quality,9266553,This increase in quality data can help influence policy regarding antimicrobial use .,NOT HYPE,[],0,rigour,No
accurate,9772629,"We will achieve this by improving tumor characterization with accurate definition of its margin , localization and targeting of diseased tissue , and using image guidance technologies to optimize surgical and interventional treatments for improving outcomes and decreasing complications by reducing adjacent tissue damage .",HYPE,['gratuitous'],1,rigour,No
nuanced,9637537,"However , optimal policymaking requires a more nuanced understanding of the effects of MA .",HYPE,['gratuitous'],1,rigour,No
unparalleled,9241579,Such whole - community manipulations will offer unparalleled insight into the specific network patterns and traits that shape transmission in multi-host communities .,HYPE,['hyperbolic'],1,novelty,No
sophisticated,9581027,"Our approach and technology will provide sophisticated , highly - integrated 3D conformal therapy which is readily disseminated and is practical for mainstream acute care hospitals and outpatient surgery centers .",HYPE,"['gratuitous', 'coordinated']",1,rigour,No
groundbreaking,9721835,"Furthermore , in the independent phase , we will shift the approach utilizing the reduced uterine perfusion pressure mouse model of placental ischemia to a groundbreaking study of the role of leptin in hypertensive pregnancy .",HYPE,['hyperbolic'],1,novelty,No
creative,9261050,"In addition , the program will provide a creative training and scientific milieu facilitating career development to the next stage of the scholars ' research careers , either as independent researchers in academic , government , or private research laboratories , or as high - level translational team research scholars .",HYPE,"['gratuitous', 'broader context']",1,novelty,No
scientific,9230475,"Tissue culture , cell biology , molecular biology , biochemical , chemical reagents , waste disposal Bioanalytical reagents / supplies LC/MS/ MS maintenance Animal costs107,775 TRAVEL travel to scientific meetings",NOT HYPE,[],0,rigour,No
emerging,9149331,RTMS is an emerging technique to non- invasively stimulate the cerebral cortex via the focal application of brief magnetic fields .,HYPE,['gratuitous'],1,novelty,No
unparalleled,9333880,Our multidisciplinary team has unparalleled access to human testis samples ( 207 samples archived to date with accrual ongoing ) .,HYPE,['hyperbolic'],1,novelty,No
advanced,9664035,"While there are several approved therapies for advanced renal cancer , the reality is that progress in the treatment of metastasis with systemic therapies has been incremental .",NOT HYPE,[],0,rigour,No
unprecedented,9185816,"These methods will provide an unprecedented characterization of parameters such as properties of spontaneous and evoked Ca2 + transients , resting membrane potential , dynamic changes in membrane potential , action potentials , and VGCC currents in developing limbs .",HYPE,"['hyperbolic', 'gratuitous']",1,novelty,No
rigorous,9800064,"Our goal is to provide patients , clinicians and researchers with the knowledge and rigorous and reproducible tools and standards that they need , to identify and obtain the best possible cells for use in regenerative and joint preservation therapies , drug discovery and basic research .",HYPE,"['gratuitous', 'coordinated']",1,rigour,No
revolutionary,9091857,This meniscal replacement could provide a revolutionary addition to the field of osteoarthritis and meniscal injury .,HYPE,['hyperbolic'],1,novelty,No
rigorous,9944911,"We now propose rigorous tests of these hypotheses : Under Aim 1 , we will determine the role of CGIs and CGI - bound factors in the spread of PRCs induced by lncRNAs .",HYPE,['gratuitous'],1,rigour,No
novel,9398728,"We will deliver a novel , comprehensive , user-friendly data annotation and curation system that is highly interconnected , encompassing the full cycle , and real - world practice , of required tasks and decisions , by all parties within the `bioassay annotation ecosystem ' ( researchers performing curation , dedicated curators , IT specialists , ontology owners , and librarians / repositories ) .",HYPE,"['gratuitous', 'coordinated', 'broader context']",1,novelty,No
nuanced,10158156,The proposed use of cross-species measures and parallel studies in both humans and rodents enables a more nuanced understanding of both the neurobiology and clinical applicability of the ECB system in BD .,HYPE,['gratuitous'],1,rigour,No
nuanced,9597783,A nuanced understanding of where naloxone delivery within SSPs falls along the four phases of the implementation process ?,HYPE,['gratuitous'],1,rigour,No
reproducible,9549767,"Our studies have demonstrated that the presence of human stuttering mutations causes reproducible alterations in mouse vocalizations , and that these alterations show parallels with the alterations present in the speech of individuals who stutter .",NOT HYPE,[],0,rigour,No
scientific,9888307,Modified Project Summary / Abstract Section Dr. A is an infectious disease physician with doctoral training in anthropology who is establishing himself as a young investigator in clinical and social scientific research of emerging infectious diseases such as Ebola virus and SARS - CoV - 2 .,NOT HYPE,[],0,rigour,Yes
powerful,9047538,"Building on our 25 - year track record in comprehensive genomic studies and addressing Institutions 's goal for this RFA , we propose to create , apply and test a powerful , reliable and general strategy for comprehensive identification of risk and protective variants that contribute significantly to any common disease of interest .",HYPE,"['gratuitous', 'coordinated']",1,rigour,Yes
rigorous,9901957,Achieving these goals will support the development of key skills and rigorous practices in line with the overarching goals as defined in the NIH strategic plan for data science .,HYPE,"['gratuitous', 'coordinated']",1,rigour,No
first,9730056,"Preliminary data suggest that apoptosis is required for a high - glucose diet to reduce hermaphrodite fertility , and in the first aim a physiological and genetic analysis will be used to understand which conserved apoptosis regulatory pathways modulate oocyte survival , and whether oocyte quality also declines on a high - glucose diet .",NOT HYPE,[],0,novelty,No
unique,9016103,Dementia-specific palliative care is needed to address the unique symptoms and treatment decisions relevant to this disease .,HYPE,['gratuitous'],1,novelty,No
creative,9120979,"The Conference on Creative Chemistry will bring together an outstanding and diverse cadre of more than 150 multidisciplinary scientists from around the world in academia , industry and government to spur innovation in the discovery and application of inorganic principles to advance human health by preventing , diagnosing and treating disease .",NOT HYPE,['broader context'],0,novelty,Yes
robust,9161309,"However , these markers cannot be developed into a robust , clinical assay due to the current limitations of technology : Needle biopsy specimens often contain only a small amount of cancer , and even when cut into thin sections , the employment of a 5 - probe assay is often simply not possible because of the limited capacity to multiplex conventional FISH probes .",NOT HYPE,[],0,rigour,No
unique,9617270,Hemispheric delineated damage underlying the SDH with striking sparing of the other hemisphere is an injury pattern unique to immaturity .,NOT HYPE,[],0,novelty,No
unprecedented,9106825,"Sequencing studies are becoming the standard approach in all areas of genetics , generating an unprecedented demand for computational methods to predict the functional effect of mutations .",HYPE,['hyperbolic'],1,novelty,No
creative,9005964,"In addition to providing an opportunity to discover basic mechanisms of aging , our work may also lead to creative intervention strategies that ameliorate aging - related functional decline in humans .",HYPE,['gratuitous'],1,novelty,No
creative,9119140,Their research is highly creative and is supported by five cores that provide innovative services and infrastructure .,HYPE,"['gratuitous', 'amplified']",1,novelty,No
accurate,9341800,Early and accurate diagnosis of anemia can reduce a need for complicated treatments .,HYPE,['gratuitous'],1,rigour,No
quality,9614181,A foundational principle of palliative care is quality pain management .,NOT HYPE,[],0,rigour,No
revolutionary,9013621,The successful development of this innovative genomic approach will provide a revolutionary tool in our studying of virulence mechanisms in C. neoformans .,HYPE,['hyperbolic'],1,novelty,No
unique,9790616,"Individuals possessing AD mutations are destined to develop the disease and at a relatively predictable age , thus providing a unique cohort in which to investigate the trajectories / timing of underlying AD pathologies , especially as one transitions from the preclinical / asymptomatic to the symptomatic stage .",HYPE,['gratuitous'],1,novelty,No
creative,9246583,PI qualifications : the PI is a prolific and creative bioengineer .,HYPE,"['gratuitous', 'coordinated']",1,novelty,No
latest,10028816,"Last but not least , the PI will develop new methodology to address the challenge of comparing traditional , physics - based models with noisy data obtained through the latest experimental technologies .",HYPE,"['gratuitous', 'broader context']",1,novelty,No
unprecedented,9567279,"Furthermore , the large , well - defined cohort created in the first cycle ( SAGES I ) presents an unprecedented opportunity to explore long - term the relationship of delirium , cognitive decline , and Alzheimer 's disease , lending some urgency to this renewal .",HYPE,"['hyperbolic', 'broader context']",1,novelty,No
emerging,9069967,"An emerging interest in sleep and mood led her to pursue a postdoctoral fellowship at the University , where she began to develop a niche in behavioral sleep medicine and perinatal mental health .",NOT HYPE,[],0,novelty,Yes
novel,9257049,The results of these investigations will identify novel pathways for the treatment of cancer .,NOT HYPE,[],0,novelty,No
nuanced,9844785,"ability to employ fully effective , and nuanced experimental designs , and is a barrier to entry for other researchers .",HYPE,"['gratuitous', 'coordinated']",1,rigour,No
reproducible,9032811,"By the conclusion of this award , we will have a scalable and potentially reproducible intervention for infant feeding and screen time practices , one that is linguistically and culturally appropriate for Spanish -speaking Latino parents and aims to reduce weight gain in the first year of life while promoting habits that protect against obesity across the lifespan .",HYPE,"['gratuitous', 'coordinated']",1,rigour,No
sophisticated,9210690,"At the same time , sophisticated , integrative analyses across genome and proteome data require advanced bioinformatics tools and stringent quality control measures .",HYPE,"['gratuitous', 'coordinated']",1,rigour,No
quality,9594710,"Specifically , the Association has endorsed 15 key acute stroke performance measures that aim to improve the quality of stroke care , but the inefficient amount of time and money spent on excessive quality measurement could ultimately detract from the positive impact that could be realized by prioritizing a smaller number of the most cost - effective measures .",NOT HYPE,[],0,rigour,Yes
first,9412643,"The R21 in the first year will develop key resources needed for the pragmatic trial , such as provider decisional guidance based on current evidence , trial design and evaluation methodology , appropriate healthcare system administrative / EHR support , and will test intervention feasibility .",NOT HYPE,[],0,novelty,No
latest,10064393,The 2020 meeting will include a new session on structural biology for understanding the molecular mechanisms underlying circuit wiring and a new session on applications of the latest new technologies to accelerate the discovery in this important area of neurobiology .,HYPE,"['gratuitous', 'coordinated', 'broader context']",1,novelty,No
nuanced,9224421,"Results from this study will provide a more nuanced assessment of the complex social , behavioral , and genomic factors associated with ER - breast cancer .",NOT HYPE,[],0,rigour,No
accurate,9237315,The delineation of the molecular basis of KChIP2 regulation is essential for an accurate understanding of cardiac depolarization and repolarization and its implications with lethal ventricular arrhythmias .,HYPE,['gratuitous'],1,rigour,No
first,9779699,"On the basis of these results , we have initiated first - in-human clinical trials of hetIL - 15 in metastatic cancers and also in combination with anti-PD - 1 check point inhibitor ( collaboration with Company ) .",HYPE,['priority claim'],1,novelty,Yes
rigorous,9406673,Aim 1 ( Assessment ) seeks to ensure rigorous data acquisition procedures across sites and projects .,HYPE,['broader context'],1,rigour,No
rigorous,9410948,"The combination of a rigorous , innovative design ( e.g. , step - wedge community trials ) , strong theories , and a stellar team with community roots will ensure high impact .",HYPE,"['gratuitous', 'coordinated']",1,rigour,No
rigorous,9500888,"To realize the full potential of this strategy , we propose a rigorous research program that combines in silico , in vitro and in vivo approaches to evaluate the effectiveness and safety of the use of free - PEG in mice with high titers of APA for two PEGylated therapeutics , Therapeutic A and Therapeutic B .",HYPE,['gratuitous'],1,rigour,Yes
innovative,9840757,"Across different geographic areas , there are considerable differences in municipal water treatment technology and continuous development of innovative technologies , but little information is available on how this affects spatial patterns of metal concentrations in tap water .",HYPE,['gratuitous'],1,novelty,No
systematic,9405940,"Yet , systematic neurobehavioral research on novel techniques to improve the control of fear in humans has received limited attention .",HYPE,"['gratuitous', 'broader context']",1,rigour,No
accurate,10195613,The end products of this project will include a high - throughput serology assay that gives far - richer antibody profiles than the current standard accompanied with an accurate predictive algorithm .,HYPE,"['gratuitous', 'broader context']",1,rigour,No
unprecedented,9612637,"Increasing organizational pressures for throughput , including strict time requirements for completion of documentation , have resulted in unprecedented cognitive and communication challenges for primary care clinicians as ? people work ? ( providing care ) and ? paper work ? ( EMR completion ) vie for attention in the exam room .",HYPE,['hyperbolic'],1,novelty,No
systematic,9252592,We believe the outcomes of the proposed studies will have a positive impact because the hippocampus - mediated processes constitute the foundation for the systematic study of the brain mechanisms of cognitive flexibility and the development of therapeutic strategies for neuro-psychiatric disorders .,HYPE,['gratuitous'],1,rigour,No
strong,9491203,"This program supports the goal of the NIH to build a strong clinician -scientist workforce to meet biomedical , behavioral and clinical research needs .",HYPE,['gratuitous'],1,rigour,No
innovative,9914209,"We will contribute to Center ?s goal of accelerating toward a cure by developing , importing and disseminating innovative statistical methods and informatics tools that will optimize resources .",HYPE,['gratuitous'],1,novelty,Yes
innovative,9639555,"This work is innovative : we will examine mitochondrial fusion , a novel pathway regulating platelet survival and function in health , during metabolic stress , and in transfused platelets .",NOT HYPE,[],0,novelty,No
latest,9801772,We will determine whether there is a minimum fraction of cyst cells that need to be targeted by reactivation to reverse ADPKD and determine the latest disease stage at which ADPKD retains reversibility .,NOT HYPE,[],0,novelty,No
quality,9307857,"To support the Consortium , we will establish databases with an application framework to facilitate complex data loading including detailed experimental descriptions and metadata ; we will define and establish pipelines that connect all Consortium members to the data , and create avenues of access that distribute the data to the greater biological research community ; we will establish metadata requirements , controlled vocabularies , standardized data formats , and quality control metrics for all Consortium data ; we will bring together laboratories that generate complex data types via experimental assays with laboratories that integrate these data using computational tools to define the epigenomic programs in the context of environmental exposure .",NOT HYPE,[],0,rigour,Yes
cohesive,9280239,"To achieve this goal , we will expand the number of research experiences available to these students and to integrate the research education programs in our college into a cohesive program .",HYPE,['gratuitous'],1,rigour,No
groundbreaking,9082878,"Indeed , our groundbreaking studies in the model eukaryote , Saccharomyces cerevisiae , identified SOD1 as a redox regulator of a signaling circuit that integrates nutrient availability to the control of enrgy metabolism ( Reddi and Culotta , Cell 2013 ) .",HYPE,['hyperbolic'],1,novelty,
unprecedented,9856078,"As our nation is facing unprecedented epidemics of obesity , diabetes and their cardiovascular consequences , the Training Program proposed in the present application is uniquely positioned to train an interdisciplinary workforce of academic and industry investigators , as well as government decision makers , to address the roles of sleep disturbances and circadian dysfunction in these public health challenges .",HYPE,"['hyperbolic', 'broader context']",1,novelty,No
quality,9622228,Quality assurance and validation data ( both clinical and non-clinical ) obtained from these studies will support 510 ( k ) regulatory filing for the body coil support platform as an accessory to the BCL device .,NOT HYPE,[],0,rigour,
revolutionary,9363118,CLARITY is a revolutionary new system that can see inside post- mortem tissue .,HYPE,"['hyperbolic', 'coordinated', 'gratuitous']",1,novelty,
sophisticated,9198870,"State - of the art microarrays , Laser Capture Microdissection ( LCM ) , as well as sophisticated and innovative global transcriptome analysis using Systems Biology will be employed .",HYPE,"['gratuitous', 'coordinated']",1,rigour,
quality,10177805,"The addition of additional target organisms and improvement of laboratory techniques , such as the extension of whole genome sequencing to additional organisms , will permit higher quality information and increased ability to identify related cases or outbreaks in the past , at present , and in the future .",NOT HYPE,[],0,rigour,No
reproducible,9500652,"Upon successful validation , Method A will provide accurate , repeatable , and reproducible quantification of LIC based on a fundamental property of tissue .",HYPE,"['gratuitous', 'coordinated']",1,rigour,Yes
revolutionary,9032712,Confirmation of this revolutionary new hypothesis and the demonstration of PRIMPOL 's essential role in this process are expected to open important new avenues in our understanding of the mechanism of mammalian ICL repair .,HYPE,"['hyperbolic', 'broader context']",1,novelty,No
careful,9145279,"Our research approach is guided by two principles ( 1 ) careful adherence to Project protocols so as to develop large -scale , integrated , and growing data sets available to the scientific community , and ( 2 ) a research approach aligned with two constructs from the Project , specifically : ( a ) the Acute Threat / Fear construct , which is associated with atypical structure and function in specific neural networks , especially amygdala , orbitofrontal cortex ( OFC ) , and ventral medial prefrontal cortex ( vmPFC ) ; and ( b ) the Reward Prediction Error construct , which is associated with OFC , ventral striatum , and the midbrain ventral tegmental area .",HYPE,['gratuitous'],1,rigour,Yes
latest,10019966,The latest project is being conducted in cooperation with staff at the School .,NOT HYPE,[],0,novelty,Yes
nuanced,9119852,"The proposed studies will thus spur the development of more nuanced views of language acquisition , and provide critical information for evaluating and improving such models .",HYPE,['gratuitous'],1,rigour,No
strong,9997406,"This premise has been formulated on the basis of strong empirical and theoretical support , as well as recent findings produced by the applicant .",HYPE,['gratuitous'],1,rigour,No
careful,9356453,"Information derived by a careful , data - based analysis that includes the burden of multimorbidity and polypharmacy in PLWHC will have many uses .",HYPE,['gratuitous'],1,rigour,No
unprecedented,9170895,These ?snapshots ? of AID footprints on single molecules should provide unprecedented insight into the mechanism by which AID - generated uracils are processed into DSBs ( which are important CSR immediates ) during CSR .,HYPE,['hyperbolic'],1,novelty,No
sophisticated,9063627,"We are equipped with sophisticated mouse models and innovative approaches that allow us to address these questions in vitro and in vivo at the subcellular , cellular , and network levels .",HYPE,"['gratuitous', 'broader context']",1,rigour,No
cohesive,9248630,"Thus , this administrative core will serve an essential cohesive function to coordinate all project and core investigators and activities in this program .",HYPE,['gratuitous'],1,rigour,No
advanced,9555709,"We are also collaborating with Dr. A of the University A and Dr. B and Dr. C , to implement state - of - the -art , real - time eye tracking capabilities for adaptive optics retinal imaging , as well as with Dr. D of the Institution A to explore complementary advanced imaging modalities compatible with adaptive optics .",HYPE,['gratuitous'],1,rigour,Yes
unprecedented,10068111,"In this proposal , we aim to combine Method A and Method B to achieve unprecedented levels of expansion in a process we call Method C .",HYPE,['hyperbolic'],1,novelty,Yes
scientific,9362393,Another target for genetic mutations in LCA is molecular chaperone CCT2  .,NOT HYPE,[],0,rigour,Yes
quality,9448680,"With this in hand , we are now uniquely positioned to map how transgenerational passage of high - quality mtDNA molecules is accomplished .",NOT HYPE,[],0,rigour,No
reproducible,9363134,We propose to develop and run robust and reproducible high content assay ( s ) for screening against intracellular Mtb .,HYPE,"['gratuitous', 'coordinated']",1,rigour,No
unique,10268335,The availability of blood samples from a cohort of hematopoietic cell transplant patients with CMV reactivation provides the unique opportunity to examine the NK and T cell repertoire in the setting of CMV infection .,HYPE,['gratuitous'],1,novelty,No
advanced,9070648,"Despite recent advances with targeted drugs like Drug A , the prognosis for HCC patients with advanced disease remains poor , highlighting the urgent need for new therapies .",NOT HYPE,[],0,rigour,Yes
groundbreaking,9178726,"For instance , new ground breaking studies have identified a major role for Pol ? in error-prone DNA repair and tie this function to the survival of cancers mutated in BRCA1 or BRCA2 ( BRCA1 / 2 ) tumor suppressor genes .",HYPE,['hyperbolic'],1,novelty,No
latest,9332975,"The specific aims are : 1 ) to develop a sensitivity enhancing strategy with the latest 64 - channel coil array and a novel coil proximity weighted parallel MR spectroscopy data acquisition and combination for 2D COSY ; 2 ) to test , optimize and implement the developed method and to develop in - line data processing toolbox for processing and analyzing 2D COSY data on the clinical scanner ; and 3 ) to test and validate the developed 2D COSY platform for genetically profiling gliomas using 2 - HG as a marker and detecting other metabolites in patients .",HYPE,['gratuitous'],1,novelty,No
advanced,9161996,"His scientific advisors include Dr. A , a leading expert in using Institution data for aging research , and Dr. B , an expert in advanced biostatics .",HYPE,['gratuitous'],1,rigour,Yes
sophisticated,9341867,"Powered by a high - performance workstation containing dual quad - core processors , and a sophisticated Quadro 5000 Graphics Card .",HYPE,['gratuitous'],1,rigour,No
careful,9250166,"Through careful mechanistic analysis , new insights will be provided to guide general strategies toward this objective in a broad range of contexts .",HYPE,['gratuitous'],1,rigour,No
robust,9603944,"New antifungals with robust activity against a broad spectrum of pathogens , minimal susceptibility to resistance , and limited side effects are needed .",NOT HYPE,[],0,rigour,No
strong,9704516,"Our required internship experience provides trainees with hands - on exposure to industrial or regulatory science work environments , and provides strong networking opportunities .",HYPE,['gratuitous'],1,rigour,No
robust,9601503,"We have exploited these properties of vaults to elicit robust immune responses in several systems , including a mouse model of mucosal infection by intracellular Chlamydia , which like Bp , is an intracellular pathogen .",NOT HYPE,[],0,rigour,No
strong,9330664,"We expect that emphasis on therapeutic treatment of autoimmune disease will attract both basic and industry scientists , and will stimulate strong interest among both junior and established investigators .",HYPE,['gratuitous'],1,rigour,No
robust,9114455,"An accurate , reliable , robust , and safe personal - use seating pressure system available to wheelchair users with SCI has the potential to prevent ulcers via real - time visual biofeedback , facilitate remote monitoring of skin health , and limit unnecessary medical visits .",HYPE,"['gratuitous', 'coordinated']",1,rigour,No
quality,10015066,"The Core continues to be a leader of flow cytometry service at the Institution A by offering the highest quality , reliable support to the largest number of Institution B investigators on campus and is dedicated to the introduction of innovative flow cytometry - based technologies to further advance the cutting - edge cancer research conducted at Institution C .",HYPE,"['gratuitous', 'coordinated', 'amplified', 'broader context']",1,rigour,Yes
powerful,9499110,"This proposal is motivated by the need to assess microscopic viscoelastic properties , which have emerged as a powerful biomarker for a number of diseases , such as cancer , atherosclerosis , sickle cell disease , etc. , but also have been identified as a driving force for many biological processes , such as carcinogenesis , angiogenesis , morphogenesis , etc .",HYPE,['gratuitous'],1,rigour,No
careful,9626783,"Aim 3 : Acquire and maintain clinical data associated with each sample : Accurate and comprehensive clinical pathological annotation will be linked to each sample , including careful assessment of the patients ' outcomes .",HYPE,"['gratuitous', 'broader context']",1,rigour,No
sophisticated,9117228,"Sophisticated multi-color immunophenotyping will be used to characterize lymphocyte subsets and mononuclear cell responses will be probed in vitro with stimulants , and cytokine levels in supernatants determined with multi-cytokine arrays .",HYPE,['gratuitous'],1,rigour,No
detailed,9105807,"Furthermore , in the Center component , detailed phenotypic assessments were conducted among a subset of over 1,000 individuals who received in - person structured psychiatric diagnostic interviews , underwent neuropsychological testing , and provided data on dimensional measures of mood , well - being , and social and daily functioning .",HYPE,['gratuitous'],1,rigour,Yes
careful,9750458,"Therefore , we have designed a strong research approach with careful attention to rigor .",HYPE,['gratuitous'],1,rigour,No
detailed,10090968,"These fine - grained data can yield the most detailed investigation of intersectional process to -date , including the complex interplay between aspects of social identity ( SES , race / ethnicity ) , social ( e.g. , discrimination ) and contextual factors ( e.g. , neighborhood disadvantage , exposure to tobacco- facilitative environments ) , and whether these mediate the association of intersectional identities with lapse and long term abstinence .",HYPE,"['gratuitous', 'amplified']",1,rigour,No
sophisticated,10014414,"Working with scientists in the laboratory , he developed the data needed to bring this logistically simple but immunologically sophisticated vaccine strategy , developed within the Institution , into phase I ( first-in- human safety studies ) and phase II ( first test for clinical activity ) clinical trials in prostate cancer .",HYPE,['gratuitous'],1,rigour,Yes
unprecedented,9436859,"These tools will allow an unprecedented understanding of hand motor control in the primate , thereby revealing novel mechanisms of motor control and identifying new targets for therapy .",HYPE,"['hyperbolic', 'gratuitous']",1,novelty,No
powerful,9221309,We envision that the combined application of these signatures will ultimately represent a unique and powerful tool that would allow the classification of patients into discrete groups stratified by low / high radio-sensitivity and low / high risk of toxiity and could form the basis for personalized treatment strategies .,HYPE,"['gratuitous', 'coordinated']",1,rigour,No
detailed,9328924,"Furthermore , this new promising imaging approach still lacks important detailed quantification of the accuracy of the measured parameters and could benefit from further optimization of its acquisition and reconstruction , both of which could be achieved through development of a rigorous statistical and signal processing framework .",HYPE,"['gratuitous', 'coordinated', 'broader context']",1,rigour,No
groundbreaking,9943364,"Challenging that widespread belief , the second area of investigation focuses on developing a groundbreaking approach for reconstructing small molecules directly from micrographs without particle picking .",HYPE,['hyperbolic'],1,novelty,No
first,9762282,"Thus , my first R01 application phenotypes an entirely novel mouse model , with attendant therapeutic opportunities . !",NOT HYPE,[],0,novelty,No
unique,9660915,"Going forward , a multifaceted and integrated approach , encompassing state - of - the - art mouse genetics and disease models , mass spectrometry , biochemistry and cell biology , X-ray crystallography , structure - based design and medicinal chemistry will be employed to 1 ) define the role of PRL2 in tumorigenesis using both conditional and transgenic mouse models , 2 ) determine the biochemical mechanism by which PRL2 downregulates PTEN using both candidate biochemical and unbiased focused peptide library and proteomic approaches , and 3 ) harness the unique PRL2 trimerization mechanism for novel anti-cancer agents using structure - based design , medicinal chemistry optimization , and pharmacological evaluation in PTEN deficient cancer models .",HYPE,"['gratuitous', 'broader context']",1,novelty,No
first,9110669,The first aim of the current proposal is to modify the System so that it further encourages the development of long - term healthy eating habits .,NOT HYPE,[],0,novelty,Yes
systematic,10029232,"We have recently developed functional genomics approaches that enable systematic interrogation of gene function in human cells , and with these tools , we propose to address this gap in knowledge .",NOT HYPE,[],0,rigour,No
nuanced,100253,"More research is needed to develop a nuanced understanding of the strategies that support low - income , Latino children ?",HYPE,['gratuitous'],1,rigour,No
advanced,9262669,"Over time , more advanced measures of body composition such as visceral and subcutaneous abdominal adiposity using MRI , and novel blood chemistries such as inflammatory markers have been also been collected .",NOT HYPE,[],0,rigour,No
scientific,9447827,A Scientific Committee will ensure the clinical relevance of the work .,NOT HYPE,[],0,rigour,Yes
scientific,10027665,The LAC specific aims are : 1 . Provide scientific leadership and direction toward the overall goals of the UTMB OAIC .,NOT HYPE,[],0,rigour,
creative,9420210,CLIC will apply traditional and creative use of metrics and analytics to produce usable data visualizations that guide action - oriented strategies .,HYPE,['gratuitous'],1,novelty,
innovative,9793720,"In a new highly innovative 11 - week intensive summer program for medical students , SOAR participants will learn fundamentals of cancer research along with interdisciplinary and interprofessional cancer care .",HYPE,"['gratuitous', 'amplified', 'coordinated', 'broader context']",1,novelty,
scientific,9703527,"Specific aim 2 is to enhance the scientific and career knowledge , skills , and experience of MARC trainees to prepare them for biomedical PhD programs .",HYPE,['gratuitous'],1,rigour,
revolutionary,9992030,I believe that this innovative technology has the potential to be revolutionary if it can be generalized .,HYPE,"['hyperbolic', 'broader context']",1,novelty,No
careful,9509396,"All participants will undergo a comprehensive baseline assessment , including state - of - the - art brain imaging , comprehensive neuropsychological testing , bioassays , mobile monitoring and careful assessment of substance use , environment , psychopathological symptoms , and social functioning every 2 years .",HYPE,['gratuitous'],1,rigour,No
nuanced,9574542,"The PDAPS database contains detailed policy information ( e.g. to whom practitioners can prescribe naloxone , who has access to PDMPs ) , such that we can determine which of the nuanced approaches to these policies are most efficacious .",HYPE,['gratuitous'],1,rigour,
robust,9301300,"Using this approach , we will conduct a randomized controlled trial ( RCT ) of the PHC intervention and a robust process evaluation to document implementation context , barriers , and facilitators at the organizational level as well and data to characterize the cost of the PHC intervention and standard of care at each clinic .",HYPE,['gratuitous'],1,rigour,No
creative,9939870,The Center A will enable creative linkages across the growing collection of datasets to yield innovative insights related to Center B themes .,HYPE,"['gratuitous', 'broader context']",1,novelty,Yes
unparalleled,9551326,This analysis is a collaborative effort with the Group to utilize their unparalleled molecular modeling capabilities .,HYPE,['hyperbolic'],1,novelty,Yes
powerful,10027204,"N. crassa is an established , powerful genetic and biochemical system for bioenergetics , for which nonetheless no high -resolution ETC structures are available .",HYPE,"['gratuitous', 'coordinated']",1,rigour,No
rigorous,9139446,"We feel that this new module structure , together with a rigorous administration support structure , will best serve and facilitate the diverse vision research activities at University A and throughout University B .",HYPE,['gratuitous'],1,rigour,Yes
unprecedented,9991654,"In pursuit of these aims , we will combine georeferenced coccidioidomycosis case data across California since 2000 ( N>65,000 ) at an unprecedented spatial resolution with longitudinal data on reservoir host abundance and infection .",HYPE,['hyperbolic'],1,novelty,No
robust,9485753,"The development of sensitive biochemical methods , unique worm strains and robust computational pipelines has enabled novel insights into miRNA expression and targeting in the context of a developing animal .",HYPE,"['gratuitous', 'broader context']",1,rigour,No
rigorous,10083887,"The Administrative Core , in coordination with federal partners in this cooperative agreement , will oversee the operations of the sites , Data Coordinating Core ( DCC ) , and DAAC to ensure methodologically and ethically rigorous , efficient completion of scientific aims .",HYPE,"['gratuitous', 'coordinated']",1,rigour,
emerging,9078420,"There is emerging evidence that distinct populations of mesenchymal stromal cells in the bone marrow regulate specific subsets of hematopoietic stem / progenitor cells ( HSPC ) , including HSCs themselves .",HYPE,['gratuitous'],1,novelty,No
latest,10008893,"Organization A also provides guidance and assistance to Institution A researchers , evaluates employee inventions for their patentability and commercial potential , coordinates royalty distributions arising out of Institution A inventions , and informs Institution A personnel and researchers about the latest and relevant developments in the technology transfer area .",HYPE,"['gratuitous', 'coordinated']",1,novelty,Yes
emerging,9976646,Alzheimer 's disease ( AD ) is an emerging public health crisis that poses a huge societal burden .,NOT HYPE,['broader context'],0,novelty,No
unique,9150902,"Relevant to this pathogen , we will test the hypothesis that HCM , which uniquely represent ex vivo human colonic epithelium , recapitulate human EHEC infection and provide unique insights in pathogenesis .",HYPE,"['hyperbolic', 'broader context']",1,novelty,No
systematic,9241777,"These efforts integrate advanced computational , genomic , molecular , functional system , and behavioral studies to be integrated into a systematic framework designed to advance treatment strategies for AUD .",HYPE,['gratuitous'],1,rigour,No
sophisticated,10014178,"We have developed a sophisticated web-based interface for the System A application , to permit its use by other investigators .",HYPE,['gratuitous'],1,rigour,Yes
robust,9837177,The UG3 phase of this proposal will improve upon already - robust microdevices and develop new cell lines and assays that will enable studies of autoimmunity in an isogenic setting .,HYPE,['gratuitous'],1,rigour,No
revolutionary,9011357,"The targeted mutations generated by the Consortium , including KOMP , provide a revolutionary resource for functionally annotating the mammalian genome .",HYPE,['hyperbolic'],1,novelty,Yes
rigorous,9846878,"The Training Program also includes rigorous evaluation of the quality and effectiveness of the Training Program , to ensure that trainees achieve the competencies and skills necessary for success as future leaders in HIV implementation science research .",HYPE,['gratuitous'],1,rigour,No
creative,9969557,"The Program has three new investigator RPs and funding for 12 pilot projects to be awarded , in part , on the basis of their creative use of the research cores .",NOT HYPE,[],0,novelty,Yes
novel,9553055,"The project will also screen chemicals that can inhibit steroid hormone entry into cells , with the goal of developing novel class of drugs and pest control reagents .",NOT HYPE,[],0,novelty,No
unprecedented,10211580,"Although genome - wide single cell profiling provides unprecedented insights into the biology of complex tissues , analyzing such data on a gene - by - gene basis is extraordinarily challenging due to the large number of tested hypotheses and consequent low statistical power and difficult interpretation .",HYPE,['hyperbolic'],1,novelty,No
robust,9929244,"We bring together a team of clinical scientists with expertise in social behavior dynamics , engineers / computer scientists at the forefront of research on digital signal processing , and biostatisticians with expert knowledge in passive sensing technology to provide robust methodological rigor needed to execute the study 's aims .",HYPE,['gratuitous'],1,rigour,No
emerging,9244046,"There is an emerging consensus that the best way to address the crisis is to increase data analytic training , particularly around reproducibility and replicability .",NOT HYPE,[],0,novelty,No
unparalleled,9982249,Immuno-gene therapies have demonstrated an unparalleled anti-cancer efficacy in very poor prognosis patients .,HYPE,['hyperbolic'],1,novelty,No
innovative,9260460,"Over the next 5 years , we will apply our infrastructure , training programs , best practices , and novel approaches to support translational science and scientists and to advance each of the national Agency goals through our Overall Aims : 1 ) Workforce Development : Enhance and expand our diverse and team - oriented translational science workforce by providing them with the specialized skills , knowledge , and core competencies required to advance translation of their discoveries through innovative education methods , experiential training , and continuous learning opportunities ;",HYPE,"['gratuitous', 'broader context']",1,novelty,Yes
innovative,9758066,"In Aim 1 , we will use the Toolbox and innovative nanobeam technology to determine neurocognitive outcomes as well as blood Tau and phosphorylated Tau levels before and after the anesthesia / surgery .",HYPE,['gratuitous'],1,novelty,Yes
advanced,9151083,"In summary , the Shared Resource provides the user group with a complete complement of state - of - the-art instrumentation and advanced technical support to help accelerate cancer research and discovery .",HYPE,['gratuitous'],1,rigour,Yes
unparalleled,9769317,"The proposed approach takes advantage of the quantitative nature of computed tomography , as well as a recently developed fast helical free breathing CT protocol to provide deformable image registration of unparalleled quality and resolution .",HYPE,['hyperbolic'],1,novelty,No
groundbreaking,9994037,"Many groundbreaking advances have been shared pre-publication at this meeting including the first genome - wide maps of meiotic recombination , histone occupancy and chromosomal DNA replication , as well as the construction of the first synthetic eukaryotic chromosomes .",HYPE,"['hyperbolic', 'broader context']",1,novelty,No
scientific,9143956,"Consequently , the aims of the Administrative Core are to ( 1 ) provide scientific and administrative leadership , ",NOT HYPE,[],0,rigour,No
advanced,9015343,"Training goals : Dr. A 's training goals include 1 ) developing an advanced understanding of facilitators and barriers to the assessment and treatment of smoking in federally - qualified health centers ( FQHCs ) , including use of health information technology , 2 ) increasing her knowledge of health disparities in underserved populations , 3 ) developing skills in qualitative methodology and mixed methods research , including advanced biostatistical analysis .",HYPE,['gratuitous'],1,rigour,Yes
reproducible,10033593,"To operate as a photon counter , the rod must generate reproducible responses to each photon absorbed .",NOT HYPE,[],0,rigour,No
revolutionary,9854605,"In order to harness the revolutionary leaps that have been made in our ability to study and control the human immune system , multidisciplinary training is needed that integrates knowledge from multiple disciplines at the basic and clinical levels and teaches young scientists how to use and analyze big data obtained from high throughput platforms such as next generation sequencing , proteomics , lipidomics and metabolomics .",HYPE,"['hyperbolic', 'broader context']",1,novelty,No
novel,10080930,"In this program , we will develop direct - conversion FPXIs with a novel semiconductor sensor with high sensitivity at X-ray energies up to 140 k Vp .",NOT HYPE,['broader context'],0,novelty,No
revolutionary,10082323,"The long - term goal at ElectroSonix is to commercialize and translate revolutionary and portable ACI technology to the clinic , doctor ?",HYPE,['hyperbolic'],1,novelty,
creative,9077287,"The specific aims of this application to continue to achieve this goal are : 1 . To continue contributions to critical and creative thinking , generating new ideas for clinical trials and their conduct ; 2 . To continue to participate fully in Institution trials by enrolling and retaining as many subjects as possible in a safe and ethical manner ; and 3 .",NOT HYPE,"['coordinated', 'broader context']",0,novelty,Yes
detailed,9220705,"The target of the INSTIs is the integrase- viral DNA nucleoprotein complex , also known as the intasome , and the understanding of the mechanism of therapeutic action is greatly facilitated through the study of detailed 3 - dimensional structure of drug targets .",HYPE,['gratuitous'],1,rigour,
emerging,9595542,"SUMMARY Zika virus ( ZIKV ) is an emerging mosquito - transmitted flavivirus of global public health concern due to its ability to cause severe congenital abnormalities during infections of pregnant women2 , and meningoencephalitis or post- infectious autoimmune demyelination in infected , non-pregnant adults .",NOT HYPE,[],0,novelty,No
creative,9220846,"Each Scholar 's experience will continue to emphasize the identification of compelling clinically - relevant scientific questions , maintenance of project focus , creative experimental design , state - of - the - art technology , and thoughtful early career guidance .",HYPE,"['gratuitous', 'broader context']",1,novelty,No
strong,9593406,"Beyond Phase II , Institution A has made a strong commitment to the continuation of the Institution B through a multi - million dollar institutional commitment .",HYPE,['gratuitous'],1,rigour,Yes
emerging,9839159,There is a need for innovative approaches to reduce SST among adults that are responsive to current and emerging technologies .,HYPE,"['gratuitous', 'broader context']",1,novelty,No
strong,10067637,"The Conference has evolved into one of the very best meeting based on its size , its focus , and the strong foundation built by the past meetings .",HYPE,"['gratuitous', 'broader context']",1,rigour,Yes
emerging,9050523,"An emerging theory identifies low zinc concentration in seminal plasma as a potential physical source of male infertility ; however , the role of intracellular zinc has not yet been identified .",NOT HYPE,[],0,novelty,No
unparalleled,9388052,This toolkit will be unparalleled in any other model system and will likely lead to important new insights into the role of the AIS in neuronal signaling .,HYPE,['hyperbolic'],1,novelty,No
first,9823743,"Our proposed studies are some of the first to champion the notion that the `triangulation ' of disparate scientific studies and discoveries , i.e. , the attempt to unify results from different study designs based on their biological coherence , is the optimal way to advance identification of human targets for longevity - enhancing geroprotective drugs and interventions .",HYPE,"['priority claim', 'broader context']",1,novelty,No
reproducible,9465004,"Because CO2 inhalation evokes a variety of defensive responses in a robust , reproducible , and concentration - dependent manner , CO2 provides a straightforward and translatable approach to studying the amygdala 's role in defensive behavior regulation .",HYPE,"['gratuitous', 'coordinated']",1,rigour,No
sophisticated,9134649,"All synchronization between the electrophysiological , mechanical and visual inputs , and optical and stimulus outputs will be precisely controlled via a master timing , digital input / output platform as well as sophisticated software timing techniques .",HYPE,['gratuitous'],1,rigour,No
revolutionary,9534549,"The successful completion of this project offers the potential to develop revolutionary new therapies for cancer , neurodegenerative diseases , and heart failure , and provide new insight into the mechanisms of evolution by natural selection .",HYPE,"['hyperbolic', 'broader context']",1,novelty,No
quality,9388680,"Prior funding has supported a prospective , longitudinal study that has collected high quality brain imaging and behavior assessments in children at high - and low - familial risk ( HR , LR ) for an autism spectrum disorder ( ASD ) , at 2 - 4 time points ( including 3 , 6 , 9 , 12 , 15 and 24 months ) with 36 month diagnostic re-assessment for autism .",HYPE,['gratuitous'],1,rigour,No
careful,9007398,"A growing number of studies show that the quality and safety of Magnetic Resonance Imaging ( MRI ) can be significantly improved with careful selection and arrangement of materials having a high electric permittivity , or High Permittivity Materials ( HPMs ) in the space around the radiofrequency ( RF ) coil and the human subject .",HYPE,['gratuitous'],1,rigour,No
novel,9172957,"Based on these novel findings , we hypothesize that the Tc9 subset may be a superb effector T-cell subset for cancer immunotherapy to eradicate primary and recurrent ALV tumors .",HYPE,['gratuitous'],1,novelty,No
revolutionary,9954358,This work will serve as a proof of concept HTS discovery compaign that will revolutionary for the field of SCD and will reveal new mechanisms for disrupting HbS polymerization that could transform the landscape for therapy .,HYPE,"['hyperbolic', 'broader context']",1,novelty,No
robust,9353126,"1 ) bone - we have shown robust in vivo bone organic differentiation from autologous rhesus iPSC in vivo , after implantation of iPSC differentiated towards the osteoblast lineage mixed with a ceramic matrix .",NOT HYPE,[],0,rigour,No
emerging,10042944,"While the majority of the microbiome is found in the human intestines , additional important flora reside within various other compartments , most relevant of which includes the lungs ; there is an emerging appreciation for the cross -talk between these two compartments , termed the gut - lung axis .",NOT HYPE,['gratuitous'],0,novelty,No
innovative,10051556,The proposed research is innovative in four key ways : 1 ) A patient - centered approach is used to address a real - life decisional dilemma facing stroke survivors and clinicians ;,NOT HYPE,[],0,novelty,No
powerful,9102049,The combination of the audiological testing protocol with neurocognitive test results and inflammatory marker levels -- all followed longitudinally -- will provide a powerful combination to assess the appearance and progression of central neurological complications over time .,HYPE,['gratuitous'],1,rigour,No
reproducible,10038159,"To promote responsible , rigorous and reproducible research practices , students will complete courses in statistical analysis and the responsible conduct in research .",HYPE,"['gratuitous', 'coordinated']",1,rigour,No
latest,9596276,"These tools will be analyzed using the latest techniques , including CRISPR gene editing and mass spectrometry - based immuno- precipitation proteomics to assess the impact of c- Met -?",NOT HYPE,[],0,novelty,No
rigorous,9833277,"The proposed research training plan and strong support from inter-disciplinary research mentors are foundational for the applicant to develop rigorous research knowledge and skills , cultivate an independent program of research , and advance the sciences of caregiving , chronic disease self - management , and mHealth .",HYPE,['gratuitous'],1,rigour,No
scientific,9865971,"On the basis of our work and the emerging body of scientific literature , we hypothesize that androgen signaling associated 3D genome organization and transcriptional regulation contribute towards topological stress in the genome .",NOT HYPE,[],0,rigour,No
cohesive,9779857,"We systematically studied how PDA chain length , aldehyde content , and the aldehyde / amine ( CHO / NH2 ) network ratio influenced the rate of material formation , cohesive , and adhesive properties of resultant materials .",NOT HYPE,[],0,rigour,No
groundbreaking,9523987,"This groundbreaking study will be a model for similar efforts in other side effects of chemotherapy such as cognitive impairment , fatigue , and peripheral neuropathy .",HYPE,['hyperbolic'],1,novelty,No
unprecedented,9638988,This novel combination therapy will yield unprecedented postprandial glycemic control and catalyze the development of a powerful tool for the management of diabetes affording thus far unrealized therapeutic impact .,HYPE,"['hyperbolic', 'broader context']",1,novelty,No
sophisticated,9381034,These will provide unprecedented insights into the cell - type-specific targets in AD pathogenesis and we are equipped with innovative technology and sophisticated mouse models to address these questions .,HYPE,"['gratuitous', 'broader context']",1,rigour,No
groundbreaking,9268458,The proposed study focuses specifically on a groundbreaking combination of mnemonic strategy training and non - invasive brain stimulation .,HYPE,['hyperbolic'],1,novelty,No
advanced,9263469,The completion of these studies will provide a solid foundation for further studies to develop even more advanced formulations .,HYPE,"['gratuitous', 'amplified']",1,rigour,No
groundbreaking,9466792,"However , in recent years , following the groundbreaking work of Institution researchers , so-called ?",HYPE,"['hyperbolic', 'gratuitous']",1,novelty,Yes
unprecedented,9046676,"Using a proprietary technology for screening single human B cells , Researcher A has cloned a native human mAb , 3 D3 that overcomes the limitations of Drug A , providing unprecedented curative responses in animals post exposure .",HYPE,['hyperbolic'],1,novelty,Yes
detailed,9339170,Detailed characterization of the clinical phenotype and medical complications is ongoing .,HYPE,['gratuitous'],1,rigour,No
quality,9741882,"Unfortunately , preschool learning environments do not generally provide quality science education with a poorly prepared educator workforce , and a gap between preschool and elementary STEM teaching practices being cited as primary barriers .",NOT HYPE,[],0,rigour,No
strong,9512020,"In a series of xenograft studies , CF10 displayed strong efficacy in CRC tumor models that are non-responsive to 5 - FU .",NOT HYPE,[],0,rigour,No
unique,9986347,"Our innovative work shows that a unique antimicrobial system is powerful in killing Spn and explores a novel , nontraditional immune mechanism for its potential to be used against a major lung pathogen .",HYPE,"['gratuitous', 'broader context']",1,novelty,No
advanced,9382179,"We will use advanced statistical modeling to integrate a panel of inflammation markers in the paths linking exposure , EVs , and impaired lung function ; we will establish and make publicly available a reference dataset on the tissue / cell type of origin of blood EVs and of their miRNAs ; we will use this dataset to estimate the sources of EV - encapsulated miRNAs linking PM to impaired lung function ( Exploratory Aim 3 ) .",HYPE,['gratuitous'],1,rigour,No
quality,9576224,"Specific Aim 1 is to work closely with the Center to continue to support an open , collaborative network community that efficiently conducts high - quality clinical trials for neurological disorders .",HYPE,['gratuitous'],1,rigour,Yes
nuanced,9292020,"The breadth and depth of measures will enable testing of nuanced hypotheses regarding the contributions of different cognitive and memory systems to different aspects of algebraic learning ; the dynamic interactions between these systems and developmental change in math attitudes and anxiety as related to engagement in the mathematics classroom and algebraic learning and cognition ; and , the cognitive and non-cognitive factors that contribute to gender differences in certain aspects of algebra , specifically girls ?",HYPE,['gratuitous'],1,rigour,No
scientific,9728259,"To support these integrated activities we will ( i ) establish an Executive Committee that will be responsible for overall scientific direction and progress of all Research Projects and Cores , ( ii ) provide general administrative support and fiscal accountability at the level of each Research Project and Core , ( iii ) establish mechanisms for regular communication with Institute A , the external Steering Committee , and the other Institutes , ( iv ) engage in outreach and training activities in order to transfer genomics expertise from our Institute B to the infectious disease community , and ( v ) in consultation with Institute A , establish a mechanism for funding Collaborative Pilot Projects across Institutes that will further advance the development of novel technologies or explore high - priority research topics in infectious disease .",NOT HYPE,[],0,rigour,Yes
accurate,9587476,We will show that noninvasive S-MRI is equally accurate in measuring sodium content of the brain as the gold standard .,NOT HYPE,[],0,rigour,No
advanced,9096129,An award will build upon a strong foundation of prior training and research and provide the candidate an opportunity to gain advanced education and experience through a multidisciplinary team of experts .,HYPE,['gratuitous'],1,rigour,Yes
groundbreaking,9473598,The experiments listed here represent a mere subset of the potential groundbreaking advancements that will be made possible by the existence of the proposed research platform .,HYPE,"['hyperbolic', 'gratuitous']",1,novelty,No
innovative,9415952,"The objective of this application is to develop an innovative method to derive personalized BMD reference ranges for Caucasian women , the group with the highest risk of osteoporotic fracture .",HYPE,['gratuitous'],1,novelty,No
unparalleled,10127750,The rationale of the proposed research is that these studies will identify novel molecular strategies to manipulate pain and itch signaling in the CNS with unparalleled spatial specificity .,HYPE,['hyperbolic'],1,novelty,No
cohesive,9720295,"Through systems biology , multiple disciplines can now be integrated into a cohesive approach to skin biology .",HYPE,['gratuitous'],1,rigour,No
sophisticated,10123791,One of the consequences of our GBM research is that we have developed a sophisticated understanding of the mechanisms by which the inhibitory complex between c- Cbl and ﬂ Pix is regulated .,HYPE,['gratuitous'],1,rigour,No
robust,9205966,Nor is there a robust method to study gene interactions in other complex multigenic diseases such as Parkinson 's .,NOT HYPE,[],0,rigour,No
unprecedented,9797171,"Uses multiple singlemolecule identifiers ( time-of-flight , TOF ; current transient amplitudes ) to identify nucleotides with unprecedented accuracy - >95 % ; [ 2 ] can process input samples , RNA , 1 ng negating the need for a PCR amplification step to sequence rare targets ; [ 3 ]",HYPE,"['hyperbolic', 'gratuitous']",1,novelty,No
scientific,9563618,"3 ) Continue an Alumni Council of former trainees and an Advisory Committee tasked with independently evaluating the overall success and effectiveness of the program and trainees 4 ) Incorporate additional enhancements to our infrastructure including quarterly mentoring panels with Program Leadership and programmatic support to facilitate timely completion of trainee projects and development of F - , K - , or R-series grant proposals Our extensive research and training base draws scientific and methodologic expertise from across 5 Schools ( Medicine , Public Health , Health Professions , Nursing , and Arts and Sciences ) , and includes 41 Primary Mentors and 25 Associate Mentors and Mentors -in - Training .",HYPE,"['gratuitous', 'broader context']",1,rigour,Yes
careful,9708114,"Through careful mechanistic analysis , new insights will be provided to guide general strategies toward this objective in a broad range of contexts .",HYPE,['gratuitous'],1,rigour,No
rigorous,9418225,"A rigorous peer - review process utilizing the expertise of the Internal Scientific Advisory Committee and other experienced investigators will evaluate all applications based upon the following criteria : scientific merit , originality , qualifications of the applicant / co-investigator ( s ) , and translational potential .",HYPE,['gratuitous'],1,rigour,No
latest,9788002,"In the past several years , genome engineering technology has been advancing in an extremely fast pace , and a significant portion of our efforts is devoted to keeping up with the latest technologies and efficiently applying them to animal model generation .",HYPE,"['gratuitous', 'broader context']",1,novelty,No
accurate,10059031,The success of this project in creating clinically relevant biomarkers and therapeutics depends on accurate assessments of histology and immune infiltrates in PMLs .,NOT HYPE,[],0,rigour,No
reproducible,9674585,"Many contemporary applications , such as the recent national microbiome initiative ( NMI ) , greatly demand highly flexible statistical machine learning methods that can produce both interpretable and reproducible results .",NOT HYPE,[],0,rigour,No
novel,9541333,The findings from these studies will reveal a novel role for gut microbiota in gut leakiness following ethanol intoxication and burn injury and in turn may help in developing new therapeutic strategies for patients suffering from a combined insult of ethanol and burn injury .,HYPE,['gratuitous'],1,novelty,No
advanced,9113106,"This work will allow us to establish the user base and technical foundation for a new beamline dedicated to biology , which has been approved by the Scientific Advisory Council and the Director of the Advanced Center at Institution A for further pursuit .",NOT HYPE,[],0,rigour,Yes
nuanced,9204151,"This project will simplify the collection and streamline the management of complex data , thereby allowing researchers to assess more nuanced associations between contextual factors and the spread of infectious disease , and utilize this data in near real - time .",HYPE,['gratuitous'],1,rigour,No
rigorous,9514384,"Highlights include expanded training opportunities in mentorship and team science , expanded opportunities for experiential and extramural learning , enhanced ability to tailor didactic curricula to individual needs , enhanced integration of scholar activities with trainees in other intramural and extramural career development programs , and further development of a rigorous evaluation system that tracks individual and program progress and outcomes using innovative and comprehensive metrics .",HYPE,['gratuitous'],1,rigour,No
robust,9770146,"Cells from mice that initially received both antigen and R837 generated a robust increase in germinal center B cells , plasmablasts , plasma cells , and serum antibody , compared to their cohorts who received antigen alone .",NOT HYPE,[],0,rigour,No
innovative,10272783,"This contract is for a project titled , Toolkit A , and the purpose for this project is for creating a platform to accelerate alcohol research that consists of developing an innovative toolkit for learning and predicting alcohol use patterns and creating machine learning algorithms that are capable of analyzing high dimensional data , which shall have the ability to model the more complicated features inherent in biological data .",HYPE,['gratuitous'],1,novelty,Yes
novel,9890513,"Third , we will evaluate single nucleotide polymorphisms ( SNPs ) associated with reduced longevity and shortened telomere length to help identify risk factors of poor biological aging to facilitate early interventions and pinpoint candidate genetic mechanisms for novel therapeutic approaches .",NOT HYPE,[],0,novelty,No
creative,9999259,"The Institution ?s cutting edge tools for studying HIV at the molecular , cell , tissue , and organismal levels include highly sophisticated instrumentation ; experienced technical support and customized training ; and expert consultation / navigation for new technologies , creative experimental designs and innovative pathogenic hypotheses .",HYPE,"['gratuitous', 'broader context']",1,novelty,Yes
accurate,10070302,"The goals of Institution A are to bring together four experienced modeling groups including the Laboratory A that has significant experience as a Center in the agent -based modeling of influenza , the Institution B , vaccine policy experts who are site leads in both the inpatient and outpatient Institution C influenza vaccine effectiveness ( VE ) networks , the Research group A at University A , the most accurate US influenza prediction group , and the current Center that brings major data and model coordination expertise .",HYPE,"['gratuitous', 'amplified']",1,rigour,Yes
revolutionary,9488896,"Modified Project Summary / Abstract Section The Center is tasked with development and application of revolutionary technology for making dramatic , coordinated changes to extensive gene loci , which will enable broad investigation of the function of regulatory sequences and foster translational applications to biotechnology , personalized medicine and gene therapy .",HYPE,"['hyperbolic', 'broader context']",1,novelty,Yes
revolutionary,9601231,"Our proposed microfluidic mouse IVD culture devices will not only fill in the methodological blank of ?disc-on-a-chip ? , but also demonstrate a number of revolutionary benefits along the road to tackle disc degeneration : a) Culture media is continuously supplied / refreshed to mimick in vivo blood circulation , providing a unique platform to study the impacts of various biochemical factors such as oxygen , nutrients , cytokines , and growth factors on IVD metabolism ; b)",HYPE,['hyperbolic'],1,novelty,No
creative,9354789,Ongoing research focuses on the exploration of pathologic inflammatory responses to acute respiratory virus infection and the use of this information to develop creative strategies to circumvent the lethal sequelae characteristic of this disease .,HYPE,['gratuitous'],1,novelty,No
creative,9107467,It also suggests creative and counter- intuitive mechanisms that minimize these problems .,HYPE,['gratuitous'],1,novelty,No
accurate,9383454,"With the rapid increase in longevity and considerable expansion of the share of elderly in the population , it is becoming ever important to understand the mechanisms underlying age - related cognitive declines in order to guide environmental and clinical interventions for older adults and for more accurate prediction of risk for dementia [ e.g. , Alzheimer ?s disease ( AD ) ] .",NOT HYPE,[],0,rigour,No
first,9217670,"If successful , the results will provide one of the first evidences f the biological role of exosomes in vivo .",HYPE,['priority claim'],1,novelty,No
innovative,9616652,"Our research team combines strengths in cardiovascular disease , high - throughput genetics and genomics and development and application of innovative computational and statistical methods and genomics technology to maximize the benefits of genetic studies .",HYPE,['gratuitous'],1,novelty,No
unique,10235321,"The central fact illustrating the expansion of the University research infrastructure is that Institution resources and services supported ~ 2,500 unique investigators , who have pursued 3,824 research projects .",HYPE,['gratuitous'],1,novelty,Yes
first,10012644,"The first step in heteromerization , involves phosphorylating the Ser / Thr , in an epitope containing a casein kinase 1 / 2 ( CK1 / 2 ) - consensus site .",NOT HYPE,[],0,novelty,No
powerful,9264199,"Recognizing the many challenges associated with health data analytics and use , the three foundational aspects of the training programs are : 1 ) Methods for health data analytics , 2 ) Building powerful interactive analytics systems that allow customization and support decision making for a wide variety of health care operations , and 3 ) Addressing translational challenges in implementing and managing information systems that leverage health data analytics effectively .",HYPE,['gratuitous'],1,rigour,Yes
scientific,9149869,Mentoring and career development efforts also provide critical mass in sustaining scientific growth and development of independent research careers through the Program .,NOT HYPE,[],0,rigour,Yes
unprecedented,9725793,"A key component of the Institutions ?s Initiative , the Project is unprecedented in scope .",HYPE,['hyperbolic'],1,novelty,Yes
sophisticated,9932062,Plants possess a sophisticated innate immune system comprised of germline encoded immune receptors capable of recognizing all pathogen classes .,NOT HYPE,[],0,rigour,No
detailed,9340960,"Although the detailed mechanisms underlying repetitive administration induced long - term protection remain unclear , emerging evidence supports that such adaptive phenotypes are epigenetically mediated .",NOT HYPE,[],0,rigour,No
advanced,9210834,Aberrant elevation of SKP2 and AR are frequently found in advanced PCa and CRPC .,NOT HYPE,[],0,rigour,No
scientific,10121141,"The use of human biospecimens plays a key role in accelerating scientific discoveries in neurological research by providing scientists with a direct experimental model system to advance understanding of pathogenesis and treatment of neurological disease , including Alzheimer 's disease and related dementias ( AD / ADRD ) .",NOT HYPE,[],0,rigour,No
sophisticated,9018224,"Through the implementation of state - of - the- art sequencing methods and sophisticated analytic techniques , our research will be among the first to directly explore the relation of microbiota with vascular aging .",HYPE,"['gratuitous', 'broader context']",1,rigour,No
cohesive,9244739,This program assembles a cohesive group of basic science and clinical faculty from 8 departments at the College of Medicine .,HYPE,['gratuitous'],1,rigour,No
groundbreaking,9590050,"These limited objectives , once accomplished , will likely generate the critical knowledge and essential experimental datasets required for an R01 application , which will lay out the blueprint that is going to ultimately lead to new paradigms and dramatic changes in cancer therapeutic landscape in a groundbreaking manner because targeting EDD or its major signaling mediators will bring strong clinical benefits to patients of a wide array of highly aggressive and therapy - resistant malignancies by undermining the very foundation of tumorigenesis and cancer metastasis of a pivotal cross - cancer regulator .",HYPE,"['hyperbolic', 'broader context']",1,novelty,No
detailed,9034347,"Recent research implicates endoplasmic reticulum ( ER ) stress as a virtually universal feature of heart diseases , but detailed mechanisms of how ER stress contributes to maladaptive cardiac remodeling are currently lacking .",NOT HYPE,[],0,rigour,No
scientific,9995237,"The new Institution will work to seamlessly transition on - going efforts , advance methods and approaches , establish and engage a Scientific Advisory Group ( SAG ) , and collaborate with all consortium components to accomplish these Specific Aims : 1 ) Provide an Early Warning Network of 12 System sites and 6 Community Epidemiology Workgroup sites for ongoing surveillance of urban , rural , and suburban areas ; 2 ) Utilize established and new key community - level indicators for ongoing surveillance to assess trends in availability , use , and consequences of NPS and known substances , standardized across all sites to facilitate cross-site analyses ; 3 ) Incorporate and leverage novel surveillance methods to ensure early detection of signals of NPS and emerging drug trends , including data from Company A ? drug checkers , ? Rapid Street Reporting ( RSR ) with hair testing for NPS exposure , the implementation of a virtual Health Street substance user network , and development of an innovative machine learning approach to detect emergence of NPS in real - time through drug retailers ( including the ? darknet ? ) and social media platforms ;",NOT HYPE,[],0,rigour,Yes
careful,9188964,"This task requires careful sequencing of recruitment from project to project , combined with timely communication among project - specific investigators ; such goals will be accomplished with a centrally - managed MySQL database system .",HYPE,['gratuitous'],1,rigour,No
accurate,9196232,"Accurate and efficient DNA replication is not merely a necessity for genome duplication , but constitutes an intrinsic barrier against genome instability .",HYPE,"['gratuitous', 'coordinated', 'broader context']",1,rigour,No
systematic,9195755,"With the unprecedented rat models , we will determine how pathogenic mutation impacts TDP - 43 function in a systematic manner .",HYPE,"['gratuitous', 'broader context']",1,rigour,No
creative,9721081,"6 . To provide a Pilot and Feasibility program to expand the sphere of obesity & metabolic health research ; 7 . To foster and enhance the development of junior Center members ( postdocs and junior faculty ) as independent and creative investigators via mentoring , specialized training , advice from core leaders ; 8 . To coordinate and promote community outreach activities in the greater Area A area and in State A by providing nutrition education , nutrition and health assessments , and nutritional interventions , which promote wellness , improve health and reduce obesity ; 9 . To promote the translation of research findings by promoting efficient and effective communication that might not otherwise happen , among Center members and those in clinical and health services research .",HYPE,"['gratuitous', 'coordinated', 'broader context']",1,novelty,Yes
first,9249720,"The proposed trial will provide the first evaluation of a POC VL monitoring program in a relevant ART setting , the results will help inform priorities for the implementation of POC VL in Nigeria and other LMICs .",HYPE,['priority claim'],1,novelty,No
novel,9029179,"This work will also provide insight into the pathogenesis of conditions where sphingolipid metabolism is disrupted such as cancer , diabetes , and heart disease , and may suggest novel approaches to therapy and avoiding drug resistance .",NOT HYPE,[],0,novelty,No
powerful,9489984,are powerful experimental tools with which to explore mammalian brain development .,HYPE,['gratuitous'],1,rigour,No
cohesive,9893810,"Through these activities , the Administrative Core will ensure an interactive and collaborative environment , exchange of reagents and data , and foster a cohesive relationship among PIs of the Institution , which will enhance our direct goal of further developing novel autophagy - directed anti-infectives against NIAID priority pathogens .",HYPE,['gratuitous'],1,rigour,Yes
scientific,9885892,"Center has outgrown the space of 500 genetic alleles designed for its program 20 years ago due to scientific advancements that vastly increased fish line generation and boosted the number of alleles at Center to 44,937 .",NOT HYPE,[],0,rigour,Yes
first,9632978,"Our proposed stepped care model uses digital cognitive behavioral therapy ( dCBT - I ) as an accessible , least - restrictive , first line intervention that reduces specialist time and resources , and adds clinician based face - to- face CBT - I only for refractory patients who need a more personalized , flexible , and durable therapist driven approach .",NOT HYPE,[],0,novelty,No
emerging,9680202,"The emerging multi-source x- ray source technology suggests new designs of CT systems that may have faster imaging speed , improved image quality , reduced radiation exposure and compact geometries .",HYPE,['gratuitous'],1,novelty,No
unparalleled,9707297,"Pairing objective motor assessments with the requested single - cell proteomic instrumentation will not only provide an innovative approach for investigators to evaluate neurological changes , but it will also deliver an unparalleled strategy for leveraging the recently - acquired single - cell genomics platform to validate transcriptional changes at the protein level .",HYPE,"['hyperbolic', 'broader context']",1,novelty,Yes
revolutionary,9132723,"Over the last decade , the most significant revolutionary advances in breast oncology have been the FDA approval of targeted therapies against the human epidermal growth factor receptors ( HER1 and HER2 ) and therapies for hormone - receptor- positive disease .",HYPE,"['hyperbolic', 'amplified', 'coordinated']",1,novelty,No
reproducible,9343623,"We have now a new , optimized and reproducible synthesis for gold nanoparticles bearing the TF antigen attached to both eth threonine and serine amino acid residues with a capping acetate at the N-terminal amine group .",HYPE,"['gratuitous', 'coordinated']",1,rigour,No
reproducible,9806334,The proposed studies should establish beyond reasonable doubt the validity of urinary exoDNA for mutational analysis in bladder cancer and provide rigorous and reproducible methodologies for optimal exoDNA isolation and analysis that can be applied for other exoDNA sources and cancer types .,HYPE,"['gratuitous', 'coordinated']",1,rigour,No
unique,9244122,"The sheer number of neurons , coupled with a lack of molecular markers that can label neuronal subtypes , has made it hard to test if each neuron expresses a unique protocadherin signature .",NOT HYPE,[],0,novelty,No
unparalleled,9108243,"This is afforded by recent discoveries that E. coli minicells , skinny cells and cells digested of their cell walls permit visualization ofcell envelope organelles at unparalleled resolution by cryoelectron tomography ( CryoET ) .",HYPE,['hyperbolic'],1,novelty,No
innovative,9322812,"The BSC has five Specific Aims : 1 . Support development of new , innovative behavioral research by providing technical assistance on study design ; qualitative and mixed methods through a new Qualitative Method Resource ; and measurement .",HYPE,"['gratuitous', 'coordinated', 'broader context']",1,novelty,No
groundbreaking,8974217,These compelling studies will not only implicate the pathway of AC / SK1 / S1P at the center of the inflammatory process but will also begin to reveal clear and highly relevant differences over the COX - 2 pathway that could lead to ground breaking novel anti-inflammatory therapy .,HYPE,"['hyperbolic', 'coordinated', 'broader context']",1,novelty,No
detailed,9103650,"By analyzing the structural rearrangements of PAR4 following activation by thrombin , these studies will provide the first detailed description of the tethered ligand activation mechanism for the PAR family and have the potential to uncover allosteric sites that can be exploited therapeutically .",HYPE,"['gratuitous', 'coordinated']",1,rigour,No
advanced,9194230,"In Specific Aim 2 , tests of activities of daily living will be performed in order to quantify the functional improvements of the advanced prosthetic limb system with and without sensory feedback .",HYPE,['gratuitous'],1,rigour,No
innovative,9360727,"This research is innovative , because it 1 ) tests the novel hypothesis that Munc18 - 1 mutations cause synaptic dysfunction via a dominant - negative mechanism , 2 ) uses a multidisciplinary and systematic approach that has not previously been used in this research area , 3 ) is technically innovative because of newly generated C. elegans strains , and 4 ) shifts focus from a symptom - centered perspective to an approach that focusses on understanding convergent underlying disease mechanisms that pivot on Munc18 - 1 .",NOT HYPE,[],0,novelty,No
unparalleled,9192938,"Here , we exploit the unparalleled suite of tools available in Drosophila to discover the functions of previously unsuspected Rh1 - interacting proteins .",HYPE,['hyperbolic'],1,novelty,No
accurate,9915697,Bioinformatic data analyses are required to support accurate and precise interpretation of study results .,HYPE,"['gratuitous', 'coordinated']",1,rigour,No
innovative,9049170,"We have proposed an approach for creating long template libraries that addresses these issues with a simple , efficient , and relatively inexpensive method involving the innovative pairing of long dumbbell templates with solid- phase rolling circle replication .",HYPE,"['gratuitous', 'broader context']",1,novelty,No
first,9575896,"While our understanding of the first - order level within the bitter and sweet circuits is rather advanced , little is known about neurons in the second - order level of the gustatory system .",NOT HYPE,[],0,novelty,No
careful,9720742,"As it is important that any new intervention be accessible and feasible for the Program and the patient , this research will use the extant literature , stakeholder feedback , and careful piloting to develop the most feasible and patient- centered intervention .",HYPE,['gratuitous'],1,rigour,Yes
detailed,9581570,"We propose to develop a detailed model of cardiovascular disease in persons with diabetes , and to use it to update treatment paradigms for CE and CAS in individuals with TIA .",HYPE,['gratuitous'],1,rigour,No
rigorous,9346992,"The overall goal of this Phase II renewal project will be to complete the next stage of drug production scale - up , and highly rigorous animal studies that will lay a solid foundation for the follow - up preclinical research that will be required to support a successful Program application for initiating clinical trails .",HYPE,"['gratuitous', 'amplified']",1,rigour,Yes
scientific,10052164,"We will place these data in the public domain , adding to prior waves of Program already in the public domain to create an unparalleled data resource for the scientific community .",NOT HYPE,[],0,rigour,Yes
strong,9244045,"Innitiative A is an innovative , theory - driven TDV and healthy relationship intervention for youth ages 11 - 14 years attending afterschool programs in City A's highest crime neighborhoods .",NOT HYPE,[],0,rigour,Yes
scientific,9822873,The identification of such brain-specific markers will likely open new avenues for scientific investigation of BD .,HYPE,['gratuitous'],1,rigour,No
groundbreaking,9231520,The groundbreaking bioengineering process underlying the Tool recording approach consists of luring neurons to tightly engulf micrometric sized gold mushroom - shaped microelectrode ( gMµE ) functionalized by bioactive materials .,HYPE,['hyperbolic'],1,novelty,Yes
unprecedented,9036279,"Proposed experiments are collectively designed and performed by this collaboration , an unprecedented effort in spinal cord injury research to move the field forward through close collaboration and interaction on jointly performed experiments .",HYPE,['hyperbolic'],1,novelty,No
unparalleled,9235542,"s experience in leading studies of MBD and prospective available data in the Sister Study will afford an unparalleled investigation of prospective MBD changes in relation to breast cancer risk , modifiable and genetic factors , and how to use this information to enhance risk assessment in women with FHBC .",HYPE,['hyperbolic'],1,novelty,No
rigorous,10007522,"We developed a rigorous motif-based methodology to quantify variations in the repeat content , beyond microsatellites , in proteomes and genomes directly from proteomic and genomic raw data .",HYPE,['gratuitous'],1,rigour,No
novel,9516294,"Thus , investigating direct interactions between environmental bacteria and MDR pathogens should provide the means to identify effective , and novel , antimicrobial factors .",NOT HYPE,"['gratuitous', 'coordinated', 'broader context']",0,novelty,No
novel,9801433,"In preliminary data , innovative approaches enabled analysis of a novel class of dendrite - glia contact .",NOT HYPE,[],0,novelty,No
emerging,9977409,"The applicant , Dr. A , is a pediatric hematologist and an emerging clinical researcher in Institution , with a master ?",HYPE,['gratuitous'],1,novelty,Yes
unparalleled,8967580,"These centers are filled with faculty from multiple departments and divisions that actively collaborate , providing an unparalleled research environment to pursue my independent research .",HYPE,['hyperbolic'],1,novelty,No
novel,9376787,"We propose a novel strategy to complement these approaches , namely to reduce the response of graft ECs to PRA / MAC by reducing expression of HLA antigen targets and / or by inhibiting PRA / MAC signaling in ECs .",HYPE,['gratuitous'],1,novelty,No
systematic,9553276,A more systematic approach has been instituted to evaluate these patients .,NOT HYPE,[],0,rigour,No
detailed,9084137,"Molecular , structural , and kinetic modeling will be used to generate testable predictions regarding motor structure - function relationships to be probed by the experimental studies and to provide a detailed mechanistic interpretation of the experimental findings .",HYPE,['gratuitous'],1,rigour,No
accurate,9700795,"By developing advanced search and scoring algorithms for combinatorial optimization of protein and ligand structure and sequence , we showed that desired structure , affinity , and activity can be designed by ( a ) modeling improved molecular flexibility and ( b ) exploiting ensembles of structures for accurate predictions .",HYPE,['gratuitous'],1,rigour,No
novel,9666117,"Collectively , these studies will evaluate clinical responses and molecular outcomes of a novel combination therapy and will identify prognostic biomarkers and resistance mechanisms .",NOT HYPE,[],0,novelty,No
unprecedented,9744878,The marijuana outlet database and the longitudinal dataset from the larger study will provide an unprecedented opportunity to understand whether the proliferation of recreational marijuana outlets and signage / ads in young adults ?,HYPE,['hyperbolic'],1,novelty,No
powerful,9480044,"We then test for functional consequences of the variation using a powerful combination of biological , biochemical , structural , and single - molecule approaches .",HYPE,['gratuitous'],1,rigour,No
accurate,10110789,"Upon completion , these methods are expected to provide automated , robust and more accurate discovery of connectivity patterns that is prevalent in heterogeneous populations of patients .",HYPE,"['gratuitous', 'coordinated']",1,rigour,No
nuanced,9132832,"So that I may conduct cutting - edge research in this area , I propose career development training to : 1 ) learn sociological theories , concepts , and methods for studying unintended pregnancy and stress ; 2 ) build competency in bio demographic research methods and their application to fertility research ; 3 ) attain a more nuanced understanding of the theory and research on the biology of stress and fecund ability ; and 4 ) become proficient in advanced multilevel , longitudinal , and mediational statistical methods required for modeling the life course of and pathways between stress and unintended pregnancy .",HYPE,['gratuitous'],1,rigour,No
sophisticated,9184567,"The AIMS of this project are to ( 1 ) expand the innovative use of a library of novel random peptide and glycopeptide substrates to fully characterize the specificity and basic enzymology of the transferases that initiate and elongate mucin type O-glycosylation , ( 2 ) to use these data to further develop sophisticated web based O-glycan predictive tools that include ppGalNAc T isoform and elongating transferase peptide and glycopeptide specificity , and ( 3 ) to develop a novel method for identifying in vivo isoform specific glycosylation targets using tissues from transferase knock - out animal models .",HYPE,"['gratuitous', 'broader context']",1,rigour,No
unprecedented,9600281,"Firm A formed an unprecedented partnership with B Award to provide statewide coverage in CTS research and education and is a founding member of consortium C,  and research network D.",HYPE,['hyperbolic'],1,novelty,Yes
first,9835209,s ongoing research investigating feasibility and preliminary efficacy of AME among normal weight and overweight / obese first - time mothers and feasibility of telelactation - delivered breastfeeding support .,NOT HYPE,[],0,novelty,No
innovative,9274389,"In addition , through innovative and interactive programs , the Center will expose non- genomics researchers and pre-doctoral students to this new field .",HYPE,['gratuitous'],1,novelty,No
careful,9207806,"Inherent in these movements is the necessity for accuracy , accomplished through careful planning and preparation .",HYPE,['gratuitous'],1,rigour,No
revolutionary,9776659,"With the preliminary results of technical feasibility of a label - free electrical field potential marker based purification of induced pluripotent stem cells derived cardiomyocytes , B Inc has increased hope for revolutionary regenerative treatments for heart diseases through preclinical testing .",HYPE,['hyperbolic'],1,novelty,Yes
careful,100267,"The methodology will include the collection and careful review of existing documents , and interviews with evaluators and data owners .",HYPE,['gratuitous'],1,rigour,No
revolutionary,9429302,"Identifying this circuitry will not only provide insight into the basic science of reward and aversion , but also will advance potentially revolutionary understanding and targeting of circuit elements that may be causal ( or therapeutic ) in human substance - use and neuropsychiatric disorders .",HYPE,['hyperbolic'],1,novelty,No
unparalleled,9922590,"This extensive collaborative effort resulted in an unparalleled pace of discovery with the identification of genes for 237 MCs , including 123 novel discoveries .",HYPE,['hyperbolic'],1,novelty,No
nuanced,9186478,The rationale for this project is tha an understanding of nuanced sleep - based consolidation and the role of emotion beyond the restricted cohort of young adults will foster the ability to determine the underlying age - related changes in the phenomenon .,NOT HYPE,[],0,rigour,No
advanced,9490115,The overriding objective of this proposal is to further our understanding of how the relatively new ACO approach to care delivery impacts the experience and outcomes of vulnerable older persons with advanced dementia by addressing the three following questions :,NOT HYPE,[],0,rigour,No
novel,9597159,"Our preliminary work presents novel evidence that the majority of PDR patients do not have concurrent DME , and similarly the majority of DME patients do not have concurrent PDR .",HYPE,['gratuitous'],1,novelty,No
unprecedented,9719312,"This unprecedented 99.6 % failure rate in drug development targeting ADRD is , in part , due to lack of sufficient consideration of novel molecular pathways and mechanisms besides the ones neuropathologically associated with different dementias .",HYPE,['hyperbolic'],1,novelty,No
systematic,9386411,"The proposed system will remove the random nature of systematic sampling , facilitat - ing initial diagnosis based upon the most aggressive disease present in the gland .",NOT HYPE,[],0,rigour,No
systematic,9258133,"Given the important role of RBPs in regulating the transcriptome , a complete understanding of cancer biology demands a systematic assessment of the role of RBPs in cancer .",HYPE,['gratuitous'],1,rigour,No
unparalleled,9524230,"Family dogs , whose environments are shared with humans and for which tumor genomics are similar to human cancers , offer an unparalleled model in which to assemble clinical sets of size sufficient both to confirm the relevance of known genetic pathways , and to identify new ones .",HYPE,['hyperbolic'],1,novelty,No
careful,9355634,"A growing number of studies show that the quality and safety of Magnetic Resonance Imaging ( MRI ) can be significantly improved with careful selection and arrangement of materials having a high electric permittivity , or High Permittivity Materials ( HPMs ) in the space around the radiofrequency ( RF ) coil and the human subject .",HYPE,['gratuitous'],1,rigour,No
robust,9025164,"We will develop our co-culture microfluidics for high - throughput ( > 1,000 wells ) , optimize a robust methodology for retrieval and dissociation of the spheres , and validate the loading of spheres into the Fluidigm C1 / Biomark HD for multiplexed gene expression analysis .",HYPE,['gratuitous'],1,rigour,No
nuanced,9670277,"It is becoming increasingly clear that each caspase is regulated in a unique and nuanced manner , so the only hope for achieving caspase - specific inhibition is by harnessing their regulation , which is usually mediated at allosteric sites and exosites .",NOT HYPE,[],0,rigour,No
novel,9128290,Data will support the development of IL233 as a therapeutic agent and provide a novel method to expand Treg in vitro for therapy .,NOT HYPE,[],0,novelty,No
sophisticated,9293878,"Robotic limbs are highly sophisticated , achieving similar movements compared to the human counterparts , can contain sensors that measure direction and speed of motion , and can be covered with advanced synthetic electronic skin that can detect changes in temperature , humidity , and pressure .",NOT HYPE,[],0,rigour,No
first,10084052,Mentees are expected to submit first - author publications and an external grant application .,NOT HYPE,[],0,novelty,No
accurate,9688335,"The specific aims are to : 1 ) Coordinate and integrate the scientific aims of the Projects and Cores , track and evaluate progress and outputs , and ensure successful completion of all Center aims ; 2 ) Manage resources to assure the needs and priorities of every Project and Cores are met ; 3 ) Act as coordinating center by convening meetings of Project , Core , and subcontract investigators , organize External Advisory Committee , ensure timely translation of research findings , prepare Center - wide reports; 4 ) Evaluate the progress and success of the career , development plan , with specific focus on the career development of Faculty Development Investigator ; 5 ) Ensure quality control of all stages of research namely study design , establishment of standard operating procedures and study protocols , secure sample and data transfer and management , data analysis , and accurate interpretation and translation of research findings to academic , government , healthcare and community stakeholders .",HYPE,['gratuitous'],1,rigour,Yes
novel,9965223,"In this project , we will ( i ) characterize the key steps of deregulated PMo biology , i.e. cell differentiation and glomerular retention , ( ii ) define the molecular mechanism that is used by ABIN1 to control C / EBP ? , ( iii ) establish a causal link between the C / EBP ? pathway and GN and ( iv ) identify PMo-specific drug targets and test current and novel , more selective treatment options for their impact on PMo biology and lupus nephritis .",NOT HYPE,[],0,novelty,No
cohesive,9842668,"Planning and Evaluation Project Summary / Abstract Planning and Evaluation ( P&E ) is a continuous , coordinated and cohesive process that is integrated into all activities and components of the Cancer Center .",HYPE,"['gratuitous', 'coordinated']",1,rigour,No
emerging,9435086,"Building on the doctor's previous training and experience in the fields of epigenetic regulation of monoallelic gene expression and stem cell biology , this K01 application will support advanced research training in the interdisciplinary areas of developmental skeletal biology and epigenomics which will enable him to become an independent investigator in the emerging multidisciplinary area of epigenetic regulation of developmental skeletal biology .",HYPE,"['gratuitous', 'coordinated', 'broader context']",1,novelty,Yes
quality,9891842,"By incorporating leading standards in income measurement , and utilizing higher quality data on prospectively measured childhood income and a wide variety of health outcomes among older adults , this project has the potential to make novel and salient contributions .",HYPE,['broader context'],1,rigour,No
careful,9818007,"Therefore , the goal of this revised competitive renewal application is to build on our recent discoveries and perform careful and detailed studies in rat and mouse models of progressive kidney diseases to gain further insight into the role of TRPC ion channels and their blockers in the treatment of kidney diseases associated with hypertension and diabetes .",HYPE,"['gratuitous', 'coordinated']",1,rigour,No
unparalleled,9422266,"The MRI Unit, led by clinic A, and PET Unit, led by University B and C, will capitalize on unparalleled experience with multi-site protocols through study D , study E , and multiple ongoing clinical trials .",HYPE,['hyperbolic'],1,novelty,Yes
groundbreaking,9107287,"The approaches are innovative , because it will ( 1 ) create synthetic human antibody libraries carrying inhibitory paratopes ; ( 2 ) develop a groundbreaking function - based ( rather than binding - based ) HTS method for facile discovery of mAbs inhibiting the individual MMPs ; ( 3 ) uncover how the structure and mechanics of the extracellular matrix controls MMP activity during cancer cell migration and invasion ; ( 4 ) transform novel antibody - based selective MMP inhibitors into drug leads applicable for biopharmaceutical developments .",HYPE,"['hyperbolic', 'broader context']",1,novelty,No
detailed,9134850,We will study the detailed 3T brain MRI imaging at visit 5 as a risk factor for cognitive decline at older age .,HYPE,['gratuitous'],1,rigour,No
sophisticated,9538889,"There are also doubts about the superiority of CRT- D compared to CRT -P , which is a less expensive technology requiring less sophisticated follow up and is also less likely to malfunction .",NOT HYPE,[],0,rigour,No
unparalleled,9664827,"Abstract The Program provides access to genotyping and longitudinal clinical data for more than 616,000 Veterans , thereby offering an unparalleled opportunity to define the genetic basis of complex diseases .",HYPE,['hyperbolic'],1,novelty,Yes
unparalleled,10055554,"We will create a new , unparalleled resource for researchers to test a wide range of hypotheses regarding the effects of sex-specific exposures , from early adulthood to midlife , on ADRD in women .",HYPE,"['hyperbolic', 'coordinated']",1,novelty,No
latest,9269757,"We will remain active in radon research and translation through our affiliations with the Coalition and engaged in disseminating the latest information on climate change and human health to legislators , the lay public and the scientific community .",NOT HYPE,[],0,novelty,Yes
sophisticated,9989579,High resolution imaging by correlated soft X-ray tomography and cryo - SIM ; biochemical purification by sequence specific tagging with Halo and APEX followed by sophisticated mass spectrometry ; and genomic analysis of long range interactions occurring during OSN differentiation using two different DNA modifying enzymes and single molecule real time sequencing .,HYPE,['gratuitous'],1,rigour,No
unique,9738384,This unique synergetic effect provides protection against neuroinflammation and neurodegenerative diseases .,HYPE,"['gratuitous', 'coordinated']",1,novelty,No
scientific,9001900,"In parallel , the doctor's successful mentoring approaches employed at the hospital will be expanded globally to provide intensive mentoring and training in essential academic skills ( e.g. , grant and scientific writing , study design , presentation skills ) to advance the careers of early - stage African investigators .",NOT HYPE,[],0,rigour,Yes
nuanced,9887890,"By the end of the grant period , we expect to have developed a nuanced understanding of healthcare value that will enable clinicians and policymakers to improve healthcare delivery for all patients .",HYPE,['gratuitous'],1,rigour,No
quality,9246991,"Quality therapist training programs are necessary to successfully bridge this science - practice gap , however , research has not yet discovered optimal methods to ensure sustainable EBP implementation .",HYPE,['gratuitous'],1,rigour,No
nuanced,9974179,We will collect rich and nuanced data on household and infant animal interactions and exposures from this proposal and leverage the extensive health and microbiome data being collected within our ongoing cohort study to examine the implications of exposures to animals on the infant gut microbiome and health outcomes during the first two years of life .,HYPE,"['gratuitous', 'coordinated', 'broader context']",1,rigour,No
groundbreaking,9294310,"Because it has long been known that severe congenital FXII deficiency in humans does not cause bleeding , these results make FXII a potentially groundbreaking antithrombotic target that could ?",HYPE,['hyperbolic'],1,novelty,No
latest,9935361,"The course consists of two components : lectures on important current topics in gene mapping , as well as hands - on exercises to be performed with the latest freeware software programs using cloud computing .",HYPE,['gratuitous'],1,novelty,No
systematic,9582029,"To address these gaps in knowledge , we propose a sequential mixed methods research study to address the following specific aims : 1 . Describe end -user 's perspectives on QCAs and presentation of QCA findings within the context of a systematic evidence synthesis .",NOT HYPE,[],0,rigour,No
robust,9627190,The main objective of this proposal is to integrate the robust infrastructure at the medical center with our highly skilled clinical and translational team to establish a DFU CRU as a strong contender and contributor within the DFC network that will be uniquely poised to participate in all DFU biomarker discovery and related wound healing projects undertaken by the Consortium .,HYPE,"['gratuitous', 'broader context']",1,rigour,Yes
latest,9622122,"Large meetings , such as A, B and C , are important venues for scientific exchange regarding the latest advances in HIV Comorbidity research , but smaller , more intimate formats , that emphasize discussion and networking are critical to the career development of HIV Comorbidity investigators .",HYPE,['gratuitous'],1,novelty,Yes
rigorous,9608184,The integrated rigorous research and clinical training experience gained from this career development award will enhance the researcher's potential to develop into a productive independent physician -scientist with a focus on biomedical research in pulmonary disease .,HYPE,"['gratuitous', 'coordinated', 'broader context']",1,rigour,Yes
powerful,9018823,"Due to this risk , powerful , broad spectrum antibiotics ( e.g. 3rd generation cephalosporins ) are empirically given .",NOT HYPE,[],0,rigour,No
latest,9682708,The Conference and Seminar on Dendrites will bring together researchers whose latest findings help clarify how the properties of dendrites enable them to perform complex computations important for sensory - motor processing and higher cognitive function .,NOT HYPE,[],0,novelty,Yes
creative,9460603,"In order for individuals from various backgrounds and disciplines to come together , develop synergy and be effective in developing creative solutions to these problems , they must be provided with the opportunity to develop necessary skills that will assist them with working in this capacity .",HYPE,"['gratuitous', 'broader context']",1,novelty,No
latest,10045283,"s only university medical center , the University is home to some of the latest developments in patient care and community health , medical and health education , and biomedical and clinical research .",HYPE,['gratuitous'],1,novelty,Yes
latest,9543675,"The philosophy of the conference is to bring together basic researchers , clinicians , and public health experts to present and discuss the latest developments related to B vitamins and one-carbon metabolism .",HYPE,['gratuitous'],1,novelty,No
novel,9809834,"Based on these novel findings , we hypothesize that a ternary complex of ECD , R2TP and mRNA processing proteins ( PRPF8 and DDX39 ) promotes AR export and splicing in PCa to increase cell proliferation , cell survival and oncogenesis .",HYPE,['hyperbolic'],1,novelty,No
cohesive,9151017,Training grant funds will enable our group to increase the caliber of student recruits and provide an even more cohesive and rigorous innate immunity research community .,HYPE,"['gratuitous', 'coordinated']",1,rigour,No
quality,9816480,"Project objectives by facilitating practitioners to gain the necessary evidence , interventions , and dissemination to deliver health care that is safe , high quality , accessible , equitable , affordable , and free of disparities .",HYPE,"['gratuitous', 'coordinated']",1,rigour,Yes
advanced,9556864,"In addition , we are currently providing PK support for a trial on pomalidomide in combination with liposomal doxorubicin in patients with advanced or refractory Kaposi Sarcoma as well as another study on lenalidomide combined with modified DA - EPOCH and rituximab in primary effusion lymphoma of Kaposi sarcoma herpesvirus - associated large cell lymphoma .",NOT HYPE,[],0,rigour,No
unprecedented,9538430,"We combine state - of - the-art , innovative approaches : develop engineered E3 ligases / DUBs to enable unprecedented spatio-temporal control of KCNQ1 / HERG ubiquitination ; high - throughput flow cytometry ; proteomics ; biochemistry ; and electrophysiology to address three specific aims : 1 ) Develop and utilize engineered E3 ligases to control spatiotemporal , linkage - specific ubiquitination of KCNQ1 and HERG , and to elucidate the ubiquitin code regulation of these channels .",HYPE,"['hyperbolic', 'broader context']",1,novelty,No
detailed,9175488,"This proposal aims to provide a more detailed understanding of how upstream eicosanoid pathways can be variably active , imbalanced , and perturbed in relation to an individual ?",HYPE,['gratuitous'],1,rigour,No
careful,8991063,"Samples from the repository ( total n=3,500 individuals ) will b utilized , given the careful phenotype characterization and standardized collection of biospecimens that has been performed for each participant .",HYPE,['gratuitous'],1,rigour,Yes
groundbreaking,9285574,A recent ground breaking report revealed SIRT1 as one of the first two genes successfully linked to MDD in a genome - wide study .,HYPE,['hyperbolic'],1,novelty,No
unique,9935563,The rationale for the CBTP is that our faculty and program have the unique capability to advance biomedicine by providing training at the chemistry - biology interface .,HYPE,['gratuitous'],1,novelty,No
accurate,10025901,"Proofreading will be crowdsourced to nonscientist volunteers , a concept pioneered by Eyewire , but updated to handle a 1000 x larger dataset and far more accurate artificial intelligence .",HYPE,['amplified'],1,rigour,No
quality,9627276,"Studies performed at the central processing core sites have established methods for preparing high - yield , high - quality nucleic acids , tissue sections and other specimen types from LUSC and LUAD pre-cancers .",NOT HYPE,[],0,rigour,Yes
unparalleled,9325954,"Here we submit that the latest generation of an HIV - 1 nucleocapsid protein ( NCp7 ) inhibitor called SAMT - 247 , delivered in a novel intravaginal ring formulation with unparalleled release characteristics , fits all of these criteria .",HYPE,['hyperbolic'],1,novelty,No
emerging,9487194,"Support of this project will also advance the short - and long - term goals of an emerging young , female , minority scientist , Dr. K.",HYPE,"['gratuitous', 'coordinated', 'broader context']",1,novelty,Yes
cohesive,9449999,"As part of the activities that the Administrative Core must develop to maintain a cohesive and integrated program , we will also establish an inclusive governance structure which includes the PI , the Core Directors and advisory committee members , as well as the administrative and technical staff .",HYPE,['gratuitous'],1,rigour,No
accurate,9741973,The project summary [ for the Administrative Core ] is a succinct and accurate description of the proposed work ?,NOT HYPE,[],0,rigour,No
unique,9943628,"While the intricate steps of germ cell development have long been hypothesized to provide unique windows of sensitivity to environmental insults , little is known of the effect of chemical exposure on the epigenome of germ cells and of the mechanisms of inheritance of these effects .",HYPE,"['gratuitous', 'broader context']",1,novelty,No
unprecedented,9243746,"Project Summary / Abstract Recent advances in genomic technology have led to quantitatively measuring the transcript abundance in a single cell , creating an unprecedented opportunity to investigate important biological questions that can only be answered at the single - cell level such as early cell development , cell identity and changes in cell state .",HYPE,['hyperbolic'],1,novelty,No
systematic,9497589,"However , building upon NIMH ?s support for our initial efforts to ascertain TD trios as well as our highly successful experience with genomic investigations of autism spectrum disorders ( ASD ) , we have now demonstrated a clear path forward for reliable , systematic gene discovery in TD .",HYPE,"['gratuitous', 'coordinated', 'broader context']",1,rigour,No
groundbreaking,9468497,"However , this ground breaking study has four caveats : 1 ) mobilization is unlikely to be accepted as procedure to generate cRBCs for clinical or diagnostic use , 2 ) the amount of cRBCs generated ( ~ 5 m L of blood ) is one - log lower than the minimal dose required to transfuse a child ( 50 mL or 2.5x1011 RBCs ) , 3 ) normal volunteers are not ideal recipients for the first clinical trial to assess efficacy , and 4 ) the high costs to produce the cRBC limit their clinical use as product .",HYPE,['hyperbolic'],1,novelty,No
robust,9621195,The premise of the Phase II proposal is that an interbody implant with integrated DC stimulation will promote a faster and more robust spinal fusion in comparison to the current standard of care in a large animal model .,NOT HYPE,[],0,rigour,No
unique,9259190,"Given the experience and expertise of the co-organizers , planning committee and speakers , past meeting success , pairing with the major AD conference AAIC , and the novel programming , we expect this recurring event to energize the AD community and provide a unique and valuable opportunity for these families and AD research as a whole .",HYPE,"['gratuitous', 'coordinated', 'broader context']",1,novelty,No
detailed,9453091,"The application also outlines a detailed training plan involving didactic coursework , seminars , scientific conferences , and mentored experiences to provide the candidate with training in : ( 1 ) advanced neuroimaging techniques to study the neural correlates of social cognition in ASD ; ( 2 ) clinical trials research methodology with a goal of integrating neuroimaging wraparound studies into the methods ; and ( 3 ) advanced biostatistics and data analysis of complex neuroimaging datasets and clinical trials data .",HYPE,['gratuitous'],1,rigour,No
innovative,9914472,We will achieve these aims through combination of traditional and innovative formatting .,NOT HYPE,[],0,novelty,No
groundbreaking,9810898,These groundbreaking findings provide new hope in minimizing MDD disease burden .,HYPE,['hyperbolic'],1,novelty,No
detailed,9124884,"This renewal application of a highly productive collaborative program proposes to employ the versatile and well - characterized Streptomyces Venezuela pikromycin PKS , as well as the erythromycin , tylosin , curacin and bryostatin pathways which were the subjects of expanded detailed analysis during the previous cycle of support and are now poised for major new progress .",HYPE,"['gratuitous', 'broader context']",1,rigour,No
careful,9444685,"Next , we will perform careful pharmacokinetic , pharmacodynamic , and adverse effect analysis of manipulating ?- catenin during development with a drug called G007 -LK .",HYPE,['gratuitous'],1,rigour,No
nuanced,9875651,Aim 2 : Develop and pilot-test a Discrete Choice Experiment ( DCE ) for a nuanced understanding of men 's preferences for male - centered TB care and treatment support interventions .,HYPE,['gratuitous'],1,rigour,No
latest,9715504,We will take advantage of the latest technologies to identify molecular alterations in inhibitory interneurons associated with cognitive impairment in mouse models of Alzheimer 's disease ( AD ) and humans with AD .,NOT HYPE,[],0,novelty,No
sophisticated,9831547,"Despite the complex cellular environments of arthropods and vertebrates having sophisticated systems of defense , the Anaplasmataceae pathogens evolved strategies to evade host clearance .",NOT HYPE,[],0,rigour,No
rigorous,9837139,"Rigorous evaluation of the symposium will involve summative assessment activities through online surveys conducted via the conference website to assess what participants learned , what was effective , and what needs improvement .",HYPE,['gratuitous'],1,rigour,No
creative,9303466,"An anthropologist will facilitate networked approaches for creative teaching of social determinants of health , their impact on health disparities , and CVD .",HYPE,['gratuitous'],1,novelty,Yes
first,9287824,<DISCARD>,NOT HYPE,[],0,novelty,Yes
groundbreaking,9786526,The Center made a ground breaking contribution to standardization of immunophenotyping as part of the Consortium .,HYPE,['hyperbolic'],1,novelty,Yes
nuanced,9267450,"Knowledge of the degree to which denervation is locally confined in EOMs and their brainstem motor nuclei could improve strabismus diagnosis , and provide a basis for nuanced targeting of surgical therapy only to the diseased compartment .",HYPE,['gratuitous'],1,rigour,No
rigorous,9275746,"The proposed 18 - month post-doctoral program will be globally oriented and include one academic year ( nine months ) at University J , completely embedded in a rich and rigorous bioethics and research environment , meeting regularly with U.S. and African peer trainees around multiple topics in bioethics and research , and then working closely and individually with a team of mentors to develop an individualized training plan and research project .",HYPE,"['gratuitous', 'coordinated', 'broader context']",1,rigour,Yes
cohesive,9650441,"This application for an NHLBI R35 Outstanding Investigator Award is to explore the role of the plasma protein von Willebrand factor ( VWF ) in 2 diseases , type 2 von Willebrand disease ( VWD ) and sickle cell disease ( SCD ) , and our goal is to roll 2 R01 grants covering these areas into a single , more cohesive grant with more flexibility to follow interesting scientific leads .",HYPE,['gratuitous'],1,rigour,No
reproducible,9104615,"In partnership with the G team , we plan to develop a user - friendly and reproducible research environment for RNA regulation .",HYPE,['gratuitous'],1,rigour,Yes
creative,9491308,"Most importantly , students are expected to acquire a broad background of the scientific literature , and critical thinking , as well as the creative spirit that underlies success in these research areas .",NOT HYPE,"['gratuitous', 'broader context']",0,novelty,No
latest,9120078,"Similar to each preceding conference in this series , this conference will bring together scientists from a broad range of biomedical disciplines to showcase the latest unpublished research findings that cover all aspects of chemokine function and provide a high - quality scientific forum to discuss their potential implications , including translation to the clinic .",HYPE,['gratuitous'],1,novelty,Yes
powerful,9449037,Transient perturbation is a powerful approach to probe recurrent neural networks .,HYPE,['gratuitous'],1,rigour,No
detailed,9600318,"As a first step , we will complete development of a repository of 30 patient - derived realistic models of abandoned / retained leads that incorporate detailed features of the lead structure and trajectory , co-registered in high - resolution anatomically detailed models of human body .",HYPE,['gratuitous'],1,rigour,No
rigorous,9595593,"electrode design for high resolution EIT imaging in nerve , and a rigorous evaluation of its performance and biocompatibility .",HYPE,['gratuitous'],1,rigour,No
first,9191364,"The first two aims will investigate the relationship between OPE measures and those from traditional mechanical testing , as well as the effects of physiological variables and sensitivity , to build our knowledge of OPE in human eyes under controlled experimental conditions ( i.e. , in do nor eyes ) and provide optimal parametric settings and framework for acquiring and interpreting in vivo data .",NOT HYPE,[],0,novelty,No
groundbreaking,10267902,This groundbreaking study will also facilitate the development of therapies to selectively inhibit the generation of autoreactive T cells and their trafficking to the site of inflammation without affecting the capacity of the host to mount a proper inflammatory response to pathogens .,HYPE,['hyperbolic'],1,novelty,No
creative,9267412,"In addition to providing an opportunity to discover basic mechanisms of aging , our work may also lead to creative intervention strategies that ameliorate aging - related functional decline in humans .",HYPE,['gratuitous'],1,novelty,No
latest,9203910,Abstracts of all oral and poster presentations as well as selected full - length papers will be published in the Journal of Medical Primatology ( JMP ) to represent the latest results from HIV / AIDS re - search using nonhuman primates ( NHP ) .,NOT HYPE,[],0,novelty,No
robust,10041254,"There are more than 2 million Americans with opioid use disorder ( OUD ) , contributing to unprecedented levels of overdoses and drug-related mortality in the U.S. Several approved medications for OUD ( MOUD ) are available , and robust evidence shows them to be more effective than abstinence or psychosocial therapy alone in helping individuals achieve and maintain remission .",HYPE,"['gratuitous', 'broader context']",1,rigour,No
quality,9828272,"We will continue our core prospective , longitudinal observational study of glomerular disease patients , enrolling additional subjects by a recruit- to - replace strategy to maintain an active cohort of 2400 , while banking and curating high quality clinical data and biomaterials .",HYPE,['gratuitous'],1,rigour,No
innovative,10058976,"The Center ?s Specific Aims are : 1 ) To provide critical state of the art reagents and expertise to a national group of PKD investigators 2 ) To provide critical state of the art reagents and expertise to non - PKD investigators in order to remove barriers to PKD related research 3 ) To develop innovative reagents and resources that will advance biomedical discoveries in the field of PKD 4 ) To drive collaboration between MPKD -RTCC Cores and other RTCCs within the PKD Research Consortium and 5 ) To partner with other RTCCs , the consortium steering committee including the NIDDK to achieve the overall goals of the PKD Research Consortium .",HYPE,"['gratuitous', 'broader context']",1,novelty,No
latest,9853999,"Our latest results have demonstrated key structural requirements , such as 2 - sulfation at galactose units , 4 - sulfation at fucose units and longer chains for the anticoagulant and antithrombotic activities of the sea urchin-derived SGs .",NOT HYPE,[],0,novelty,No
rigorous,9933659,The PSTP thus provides a contemporary and exciting training opportunity for motivated students within a rigorous and nurturing environment and aims to generate Ph.D. graduates of the highest level of technical and theoretical preparedness .,HYPE,"['gratuitous', 'broader context']",1,rigour,No
detailed,9193332,"We propose further development of the model , coupled with detailed characterization of the HRF .",HYPE,['gratuitous'],1,rigour,No
groundbreaking,9448794,Assistive machines such as wheelchairs and robotic arms offer a groundbreaking path to independence : where control over their environment and interactions is returned to the person .,HYPE,['hyperbolic'],1,novelty,No
revolutionary,9317625,"If the HIIT intervention is shown to be well - tolerated and promising , results of this preliminary study will lay the foundation for a large randomized controlled trial to establish the efficacy of HIIT as a revolutionary approach for enhancing the rehabilitation and management of knee OA .",HYPE,['hyperbolic'],1,novelty,No
rigorous,9104218,"Together with her mentoring team , the candidate has developed a rigorous training program that includes the research plan outlined below , formal coursework , one - on - one tutorials , and multi-disciplinary research group meetings , journal clubs , and conferences .",HYPE,['gratuitous'],1,rigour,No
reproducible,10009998,"Models to study drug / nutrient absorption , xenobiotics , toxicology , and preclinical efficacies are hampered by the lack of accurate , reproducible , and easy to use cell culture models to evaluate such topics .",HYPE,"['gratuitous', 'coordinated']",1,rigour,No
rigorous,9991579,"First , there is a shortage of experimentally based , sophisticated computational approaches for astrocyte data analysis and interpretation that could aid in guiding new , hypothesis-driven and rigorous experiments .",HYPE,"['gratuitous', 'coordinated', 'broader context']",1,rigour,No
accurate,10016027,This study is going to be an example of obtaining an accurate estimate of the association between drug exposure and health status .,HYPE,['gratuitous'],1,rigour,No
robust,9358538,"In hippocampal slices , hibernation confers robust resistance to hypoxia and glucose deprivation as compared to slices from non-hibernating ground squirrels and rats at 37 degrees C , 20 degrees C and 7 degrees C .",NOT HYPE,[],0,rigour,No
rigorous,9294500,1 ) To conduct rigorous research evaluating the clinical efficacy and mechanisms of mind - body therapies in cardiovascular and pulmonary disease and other chronic conditions ;,HYPE,['gratuitous'],1,rigour,No
advanced,9704545,MD trainees without an advanced degree in clinical research methodology are offered coursework to obtain a Master 's Degree in Clinical Research or an MPH from the Department of Epidemiology .,NOT HYPE,[],0,rigour,Yes
groundbreaking,9702991,"However , most of the sample sets employed in these groundbreaking studies were derived from White or East Asian patients .",HYPE,"['hyperbolic', 'gratuitous']",1,novelty,No
powerful,9828288,"The current research findings will exert a sustained and powerful influence on the field by providing novel insight and direction for reducing the deleterious effects of cancer in Hispanics of Mexican origin , and will establish research center A and the El Paso / Juarez borderplex as critical drivers of Hispanic cancer health disparities research .",HYPE,"['gratuitous', 'coordinated', 'broader context']",1,rigour,Yes
revolutionary,9711662,The proposed research is significant because it provides a revolutionary detergent - free approach for study membrane proteins in their local lipid environment .,HYPE,['hyperbolic'],1,novelty,No
sophisticated,9872396,"In turn , more sophisticated models of ASD neurobiology will help to guide and assess behavioral interventions aimed at improving the quality of life of individuals diagnosed with ASD .",NOT HYPE,['gratuitous'],0,rigour,No
revolutionary,9389643,"To overcome these challenges , we developed a mosquito-specific alphavirus , Eilat virus ( EILV ) , as a revolutionary new vaccine vector .",HYPE,['hyperbolic'],1,novelty,No
first,9978260,"The highest incidence occurs in women during their early reproductive ages , and the onset of vulvodynia may occur during adolescence with patients reporting pain at first tampon use .",NOT HYPE,[],0,novelty,No
careful,9142949,The careful balance between the expression and activity of lysine acetyl transferases ( KATs ) and lysine deacetylases ( KDACs ) maintains the acetylome of a cell .,HYPE,['gratuitous'],1,rigour,No
innovative,10031100,"Thus , disease relapse and bone disease remain major unmet medical needs that require innovative approaches to effectively treat MM .",HYPE,"['gratuitous', 'broader context']",1,novelty,No
quality,9149095,The PRMS performance metrics are generated by the clinical research system OnCoreÆ and provide the basis for PRMS quality improvement initiatives .,NOT HYPE,[],0,rigour,No
advanced,9326410,"This project will provide me advanced skills in molecular physiology and cell biology , and I will be trained in translational research methodologies and regulatory science to strengthen my development into an independent investigator .",HYPE,['gratuitous'],1,rigour,No
careful,9185652,"Therefore , careful pharmacokinetic ( PK ) evaluation is a critical first step to ensure safe administration of drugs to both the mother and the developing fetus .",HYPE,['gratuitous'],1,rigour,No
powerful,10204840,"This work is innovative because it takes a completely a priori approach to discovering mechanisms of limb regeneration , it does so at the single - cell level , and it capitalizes on powerful new techniques for examining gene function .",HYPE,"['gratuitous', 'coordinated]",1,rigour,No
nuanced,9759037,"Regarding practical contributions , a more nuanced understanding of the links between vagal tone ( resting , reactivity , coregulation ) and social functioning can identify specific physiological deficits to target in interventions .",HYPE,['gratuitous'],1,rigour,No
emerging,9356526,An emerging idea is that epigenetic marking of the genome may underlie the genesis of these outcomes .,NOT HYPE,[],0,novelty,No
strong,9146664,These innovations and the strong institutional support distinguish our program from other programs in the country .,HYPE,['gratuitous'],1,rigour,Yes
strong,9664925,"My prior social science training in social inequality , social psychology , life course and development , and risky behavior as well as my quantitative skills provide a strong sociological foundation .",HYPE,['gratuitous'],1,rigour,No
emerging,9617549,"In the past decade , an emerging neuroimaging technique ?",NOT HYPE,[],0,novelty,No
revolutionary,10081009,This proposed Phase I SBIR will show feasibility of a revolutionary broad -band multi-mode waveguide for use in the 85- 1000 GHz range ( as needed for NMR at 3 - 35 T ) that can easily be manufactured at diameters small enough to make MAS - DNP probes practical in existing NB high - field magnets .,HYPE,['hyperbolic'],1,novelty,No
reproducible,9648538,A fundamental barrier in cGVHD management and research is a lack of sensitive and objective assessment tools that permit objective and reproducible measures of disease severity and progression .,HYPE,"['gratuitous', 'coordinated', 'broader context']",1,rigour,No
careful,9049825,"Thus , mitochondrial biogenesis requires careful regulation , however , the mechanisms employed by differentiating cells to acquire the precise number remains poorly understood .",HYPE,['gratuitous'],1,rigour,No
systematic,9250169,"It provides a systematic framework for extracting the relevant information from unnamed spectra through a kernel that highlights the similarities and differences between samples , and in turn boosts the signal from named metabolites .",HYPE,['gratuitous'],1,rigour,No
first,9541002,"My first Aim is to establish the role of RGS12 in modulating opioid addictive potential , opioid withdrawal , and chronic opioid - use tolerance .",NOT HYPE,[],0,novelty,No
first,9361477,Recently we published our first in vivo preliminary results showing the performance of our plaque elasticity reconstruction model iMOD to extract morphology and elasticity map from the IVUS sequence in twelve patients referred for a directional coronary atherectomy .,NOT HYPE,['priority claim'],0,novelty,No
unparalleled,9764966,"The mission of the Core D is to provide unparalleled molecular virology and sequencing support , services , facilities , consultation , and training to investigators on campus , as well as the HIV / AIDS research community more broadly .",HYPE,['hyperbolic'],1,novelty,Yes
strong,9844644,Our graduates have a strong record of achievements as academicians and scientists .,HYPE,['gratuitous'],1,rigour,No
novel,9336859,"This proposal will test a novel niche factor that likely plays an important role in tumor propagation , and these results may direct innovative therapeutic interventions for the treatment of GBM .",HYPE,"['gratuitous', 'coordinated', 'broader context']",1,novelty,No
scientific,9853480,"The scientific mission of this SCORE is to identify stress - immune pathway abnormalities , beginning in fetal development , that have shared consequences for sex differences in brain circuitry regulating mood and lifelong recurrent MDD and dysregulation of hormone and immune responses to stress , and autonomic and neurovascular dysfunction in early midlife .",NOT HYPE,[],0,rigour,No
robust,9783466,We are now using intestinal microvilli as an accessible and robust model system to understand the role of TMC4 and TMC5 and their possible functional similarities to TMC1 and TMC2 .,HYPE,"['gratuitous', 'coordinated']",1,rigour,No
detailed,9307468,"We generated PD-L1KO B16 by CRISPR for highly detailed follow up mechanistic studies , and to assess if PD - L1 null status differentially affects treatment versus PD - L1lo .",HYPE,"['gratuitous', 'amplified']",1,rigour,No
careful,9711420,"Strengths of the proposed trials include the controlled design , selection of patients most likely to benefit ( those with low T3 levels ) , careful titration of LT3 , and use of clinically relevant outcomes .",HYPE,['gratuitous'],1,rigour,No
cohesive,9171452,DMS works as a cohesive team to support its aims and center activities .,HYPE,['gratuitous'],1,rigour,No
first,9157808,Endemic chikungunya fever was reported in the Americas for the first time in 2013 and is now spreading into the Caribbean and Mexico .,NOT HYPE,[],0,novelty,No
accurate,9249846,"We propose to develop ( a ) new methods for accurately inferring clones from tumor profiles , which will employ principles of molecular phylogenetics and ancestral sequence inference for the first time and produce accurate estimates of the clones present in each tumor sample and the frequency of each clone in each sample ; ( b ) new methods for evolutionary analysis of clone sequences , which will overcome biases introduced by the fact that tumor profile samples and , thus , clone sequences contain only a subset of all sites in the regions sequenced ; and ( c ) a suite of software products to enable the use of our methodological advances in cancer research , which will thereby enable high - throughput and in - depth analysis of tumor genomic data .",HYPE,"['gratuitous', 'broader context']",1,rigour,No
accurate,9164052,"While timely and accurate diagnosis is crucial for improved visual outcomes , a definitive diagnosis is often not possible given the significant knowledge gap in factors predisposing to eye infections and the limitations of available diagnostic tests in ophthalmology .",HYPE,"['gratuitous', 'coordinated']",1,rigour,No
cohesive,8998791,"As supported by innovative Administrative and Research Cores , this P01 as a whole will have a major impact in the field by examining a central hypothesis and 3 cohesive , interactive aims : 1 . CENTRAL HYPOTHESIS : Activity of the LC at the time of and in response to surgical injury is a key determinant of speed of recovery across pain and other patient - centered domains 2 .",HYPE,"['gratuitous', 'coordinated']",1,rigour,No
robust,9566641,"These data suggest that the macrophage response system has evolved to limit potentially damaging inflammation in the face of minor pulses of PAMP or DAMP signals engaging TLR ( the steady - state ) , but to prepare for anti-pathogen responses under such conditions incase these weak signals are not from commensals or normal tissue turnover but from an incipient infection ; if the stimulus continued to increase , as would typically be the case mainly when there is an active pathogenic infection , then the digital nature of the MAPK pathways in the context of priming through NFkB at lower ligand levels gives an immediate robust response .",NOT HYPE,[],0,rigour,No
systematic,9702040,"However , systematic in vitro studies are lacking in literature on how the phenotypic response of macrophages and their cytokine release as a function of various material parameters affect other types of cells participating in the material integration .",NOT HYPE,[],0,rigour,No
systematic,10020049,"This ambitious , hypothesis generating goal is well beyond the capacities of any single lab and we have joined forces with the consotium which is a group of 10 different laboratories with the necessary wide range of expertise .",NOT HYPE,[],0,rigour,Yes
accurate,9908593,"The focus of this proposal is to develop a collection of well - characterized standard isotopically labeled glycoproteins to enable the accurate , robust , and reproducible analysis of N - and O-linked glycans at the relative and potentially absolute level .",HYPE,"['gratuitous', 'coordinated']",1,rigour,No
emerging,9417548,"With the rapid progress in cancer biology , there is a great need to train academic surgical oncologists that can not only deliver state of the art surgical care , but can also lead multidisciplinary teams and research programs leveraging molecular oncology , immunology and other emerging fields .",HYPE,"['gratuitous', 'broader context']",1,novelty,No
advanced,9394055,"This research is integrated with a training plan that emphasizes advanced causal inference techniques , specifying community effects on health , and designing survey research through coursework and formal and informal mentoring .",HYPE,['gratuitous'],1,rigour,No
emerging,9499504,"Training in cancer survivorship research with his mentor , Dr. C , is focused on the addition of brain imaging into his emerging program of research .",HYPE,['gratuitous'],1,novelty,Yes
reproducible,9082786,"It provides a robust and reproducible clinical measure of the integrated hemodynamic effects of epicardial coronary artery disease , diffuse atherosclerosis , and microvascular dysfunction on myocardial tissue perfusion .",HYPE,['coordinated'],1,rigour,No
advanced,10014886,"In the 3+3 dose -escalation component of this phase I study , eligible patients with advanced solid tumors received M7824 at 1 , 3 , 10 , or 20 mg / kg once every 2 weeks until confirmed progression , unacceptable toxicity , or trial withdrawal ; in addition , a cohort received an initial 0.3 mg / kg dose to evaluate pharmacokinetics / pharmacodynamics , followed by 10 mg / kg dosing .",NOT HYPE,[],0,rigour,Yes
rigorous,9358013,"The program will : 1 ) train primarily physicians to be rigorous , independent academic investigators able to use a wide range of epidemiological methods to address clinical cancer research questions using a variety of designs ; 2 ) provide closely mentored research experiences with faculty preceptors in clinical epidemiology , biostatistics , and cancer ; and 3 ) strengthen the links between traditional epidemiology and cancer research .",HYPE,['gratuitous'],1,rigour,No
latest,9553335,"The past several years has been an exciting period for genome engineering , our core has spent a significant portion of our efforts on keeping up with the latest technological advancements , especially the CRIPSR ( clustered regularly interspaced short palindromic repeat ) technology .",HYPE,"['gratuitous', 'broader context']",1,novelty,No
creative,9631258,"The projects were multidisciplinary as a requirement , and in many cases creative cross-disciplinary interactions were formed , matching population scientists with basic laboratory investigators or clinical investigators .",HYPE,"['gratuitous', 'coordinated', 'broader context']",1,novelty,No
reproducible,9792705,When combined these advances allow new levels of reproducible and accurate quantitation of analytes at the lowest concentrations .,HYPE,"['gratuitous', 'coordinated']",1,rigour,No
first,9592651,"The availability of multiple blood samples from each individual prior to MS onset allows an accurate estimate of long term average 25 ( OH ) D levels , and the diverse composition of the study population will allow for the first time to obtain accurate estimates of the relation between vitamin D and MS risk among US blacks , to determine whether the relation between 25 ( OH ) D and MS risk is modified by age or gender , and to explore gene - environment interactions that have potentially important public health implications .",HYPE,['priority claim'],1,novelty,No
unique,9104704,"Using a combination of molecular and cell biology techniques and unique animal models , we will determine 1 ) if the presence of the AHR in bone marrow niche cells has a role in the regulation of Ahr expression in HSCs and / or control of HSC function , 2 ) if the down - regulation of Ahr is absolutely necessary for HSC to transit from quiescence to proliferation , and 3 ) the mechanism ( s ) responsible for Ahr down -regulation .",HYPE,['gratuitous'],1,novelty,No
unprecedented,9233171,The enediynes represent one of the most fascinating families of natural products for their unprecedented molecular architecture and extraordinary biological activities .,HYPE,"['hyperbolic', 'broader context']",1,novelty,No
strong,9528546,"Indeed , a strong link between WM and smoking has been established in the literature ; most notably , degree of WM impairment and deficits in activation in associated brain regions predict time to relapse , and WM moderates the relationship between craving and relapse .",NOT HYPE,[],0,rigour,No
rigorous,9631705,"Predoctoral trainees are required to take a core curriculum in Immunology and related biomedical sciences prior to joining a thesis lab , and soon thereafter to pass a rigorous Admission to Candidacy exam .",HYPE,['gratuitous'],1,rigour,No
sophisticated,9627648,"Users will interface with the atlas through a sophisticated viewer / query browser - based web portal that will support both traditional text - based queries , as well as spatial - based queries ( shape , feature locations , etc . ) .",HYPE,['gratuitous'],1,rigour,No
careful,9983351,"All participants underwent a comprehensive baseline assessment , including state - of - the - art brain imaging , comprehensive neuropsychological testing , bioassays , careful assessment of substance use , mental health , physical health , culture and environment , and mobile monitoring every 2 years .",HYPE,['gratuitous'],1,rigour,No
unparalleled,9588059,"Here we propose to bring an extremely strong team of theorists together to model the circuitry of mouse primary visual cortex ( V1 ) in unparalleled depth , in tight interaction with experimentalists who will produce transformative data to inform and test our models .",HYPE,"['hyperbolic', 'broader context']",1,novelty,No
revolutionary,10022657,"Staffed with seven flow cytometry specialists committed at 100 % to this facility , the SRF provides operational , training , and consultation services covering all aspects of flow cytometry including fundamental cell biology principles , analyses , isolation single cells from cancer patients , and identification of over thirty different cell surface / intracellular antigens on the same cell using the revolutionary A platform .",HYPE,"['hyperbolic', 'broader context']",1,novelty,Yes
unique,9115881,Utilizing our novel Mtb protein microarray based on a unique nucleic acid programmable protein array ( NAPPA ) format that allows screening of sera for Abs to the entire Mtb proteome we have identified ~ 220 protein targets that are recognized by HIV + TB patients but not those with quiescent LTBI .,HYPE,['gratuitous'],1,novelty,No
emerging,9877429,"These studies pioneer a new level of gene regulation for MSC lineage commitment to osteogenesis , based on an emerging understanding of SED functions in other tissues but have been minimally studied in bone .",HYPE,"['gratuitous', 'broader context']",1,novelty,No
rigorous,9277677,Mentored research experiences are complemented by appropriate formal education and a well - defined Core Program to advance rigorous scientific training and career progression .,HYPE,['gratuitous'],1,rigour,No
innovative,9598688,"The K award will support an innovative and clinically relevant program of patient- oriented research , while helping Dr. B acquire critical skills that will ensure her development into an independent clinical researcher poised to impact the field of cannabis and other substance use disorder treatment .",HYPE,"['gratuitous', 'coordinated', 'broader context']",1,novelty,Yes
detailed,9998635,"Detailed clinical evaluations reveal great variation in treatment approaches of referred patients , especially amongst adults , with only 30 % of patients in acceptable disease control based on adrenal hormones .",HYPE,['gratuitous'],1,rigour,No
powerful,10001913,The design and synthesis of entire genomes provide a powerful strategy for understanding biology and developing medical applications .,HYPE,['gratuitous'],1,rigour,No
powerful,9069492,Our results will provide a powerful technology to speed and refine the connections between pharmacology and genetics .,HYPE,['gratuitous'],1,rigour,No
unique,9863837,"People with disabilities are likely to have both similar and unique issues of ( dis ) trust of PMR as other marginalized groups , especially those from racial / ethnic minorities .",NOT HYPE,[],0,novelty,No
strong,10003766,"Analysis of actin dynamics by fluorescent speckle microscopy revealed processive actin assembly at the leading edge of the protruding phagocytic cup with very little retrograde flow relative to the particle , suggesting strong coupling between polymerizing actin and complement - engagedintegrins .",NOT HYPE,[],0,rigour,No
novel,10044652,"The twin objectives of the Center will be to 1 ) explore in greater depth and detail than previously possible the complex relationship among cellular and organismal energetics and their relationship to whole organisms ' energetics , health , and aging , and 2 ) provide quantitative , state - of - the - art technologies and novel methodologies in the assessment and analysis of bioenergetics to the geroscience community at large .",HYPE,"['gratuitous', 'coordinated', 'broader context']",1,novelty,No
strong,9982662,The Clinical Core provides both services and expertise and has a strong training component for cystic fibrosis ( CF ) research .,HYPE,['gratuitous'],1,rigour,No
cohesive,9855316,"While the consortium has served this overarching mission for decades , the recent formalization of the Community Outreach and Engagement ( COE ) component will catalyze the consortium to identify and address the needs of our catchment area in a more comprehensive , cohesive , nimble and timely way as we work in concert with the consortium ?s Research Programs to accomplish three aims .",HYPE,"['gratuitous', 'coordinated']",1,rigour,Yes
unparalleled,9016500,"While PCPs have an unparalleled opportunity to discover melanoma by visual inspection of their at-risk patients , such as men aged 60 and over , they may not do so due to inadequate training , low confidence in their skills , and infrequent clinical experience with melanoma .",HYPE,['hyperbolic'],1,novelty,No
creative,9603846,"Situated at the cutting edge of research on systems - level thinking and arts-integrated STEMM learning , HEAL will develop a comprehensive educational program and cohort of well - prepared community educators to foster creative , visual learning about complex zoonotic diseases systems , such as West Nile Virus and enteric bacteria , and the impact of these diseases on rural - agricultural communities .",HYPE,"['gratuitous', 'broader context']",1,novelty,No
scientific,9550236,"Since starting at the institute in January 2017 , my research findings have been presented at several sleep - related and epidemiological scientific conferences , including the Joint Meeting of A and the B Research Society as well as the Society for C Research .",NOT HYPE,[],0,rigour,Yes
careful,9733706,"Project Summary / Abstract Approaches to complete the human genome will benefit from careful , benchmarked advances that demonstrate the capability to fully assemble and phase diploid chromosomes .",HYPE,['gratuitous'],1,rigour,No
scientific,9622218,"To improve the effectiveness of QC efforts specific to multi-center neuroimaging studies , we will develop a widely accessible and broadly compatible software platform that supports simplified creation of custom QC workflows in compliance with study requirements , provides core functionality for performing QC of medical images , and automatically generates documentation compliant with the FAIR principle , i.e. , making scientific findings findable , accessible , interoperable , and reusable .",HYPE,['broader context'],1,rigour,No
advanced,9210621,"The following will be collected on participants with diabetes mellitus and peripheral neuropathy and monitored over three years to understand the causes and progression of MTPJ deformity : 1 ) Skin intrinsic florescence to measure advanced glycation end product accumulation which increases collagen cross-linking and is associated with peripheral neuropathy , limited joint mobility , and muscle deterioration .",NOT HYPE,[],0,rigour,No
scientific,9339956,"With built - in navigation / search toolsets and automated updates , S enables the scientific community to minimize the redundancy of manual manipulation .",NOT HYPE,[],0,rigour,Yes
groundbreaking,9655255,He has made ground breaking discoveries in the field of urological cancers and has also provided significant resources to the scientific community and the VA system .,HYPE,['hyperbolic'],1,novelty,No
strong,9123449,"The program builds upon long -standing collaborations between the OB / GYN Department and prominent Centers , Institutes , and Departments , including the A Research Center , and B Research Institutes , to provide a strong foundation for multidisciplinary training , mentorship , and research .",HYPE,['gratuitous'],1,rigour,Yes
emerging,9204237,The emerging neutrophil population has higher capacity to undergo NETosis following activation by bacterial products leaking across the damaged intestinal barrier .,NOT HYPE,[],0,novelty,No
unprecedented,10119123,"These data will offer unprecedented insights to the molecular nature of the tissue - specific morphologies and functions of the blood vessel endothelium , which are critical to the development and functions of the associated tissues .",HYPE,"['hyperbolic', 'broader context']",1,novelty,No
innovative,9678888,The author has done preliminary work with affected women and their practitioners to design an innovative collapsible pessary that will enable autonomous use and address many unmet needs of current pessaries on the market .,HYPE,['gratuitous'],1,novelty,Yes
accurate,9125651,"In order to develop better and more effective therapies to treat heart diseases , it is critically important for scientists and physicians to obtain in - depth and accurate understanding of the heart disease mechanisms .",HYPE,"['gratuitous', 'coordinated']",1,rigour,No
systematic,9129931,"This will be done through systematic coding of policies according to their degree of restrictiveness , and analysis of how policy variation is associated with disease rates ; ( 2 ) To understand from the perspective of vulnerable populations how mass incarceration - including history of CJ involvement ( personal , family , and sexual partner ) and exposure to ' hyperpolicing - housing stability , and experiences with subsidized housing policies intersect to impact HIV / AIDS / STI related sexual risks , and produce race disparities in these risks .",HYPE,['gratuitous'],1,rigour,No
strong,9934331,"This program is conducted jointly by health services researchers , gerontologic nursing researchers , and geriatricians with a strong commitment to bringing together students and fellows in all these disciplines to develop expertise in the content areas and methodologies that are essential to advancement of the field and an understanding of how health services , care delivery and financing systems might optimally be designed to serve the needs of older adults .",HYPE,['gratuitous'],1,rigour,No
systematic,9075536,The proposed study will perform systematic analysis of IGF - 1 and mTOR signaling in a panel of 18 rodent species with diverse lifespans .,HYPE,['gratuitous'],1,rigour,No
reproducible,9932594,"Specifically we : ( i ) coordinate and support the consortium via a highly experienced administrative team ; ( ii ) facilitate and coordinate external partnerships , outreach , and training related to the consortium program activities ; and ( iii ) develop and implement data standards , policies , operations , and tools to collect , curate , identify , and disseminate the consortium - generated resources in accordance with ( extended ) NIH FAIR ( Findable , Accessible , Attributable , Interoperable , Reusable , Reproducible ) ",NOT HYPE,[],0,rigour,Yes
detailed,9194576,"There has not been a systematic , well powered , and detailed exploration of brain iron levels in AD .",HYPE,['coordinated'],1,rigour,No
accurate,9523641,"When the array is repositioned for each new subject , real - time array calibration is required for accurate magnetic source localization and external noise suppression .",HYPE,['gratuitous'],1,rigour,No
creative,9012090,"The goal and objectives of the new Research Program are to : GOAL : Ignite in medical students a life-long interest in conducting research in metabolism , diabetes , digestion , blood cell development or kidney disease while also building their skills in creative and critical thinking .",NOT HYPE,[],0,novelty,Yes
unparalleled,9127497,"Towards this end , we have assembled an international , multidisciplinary team of experts who provide unparalleled experience in both the study of long - term neurodegeneration after TBI , and the development of optimized assessment of common neuropathological diseases including Alzheimer 's disease ( AD ) .",HYPE,"['hyperbolic', 'broader context']",1,novelty,No
robust,10135209,"An overly robust local neutrophil influx may also contribute to the robust immune response with associated severe cardiopulmonary complications , including acute respiratory distress syndrome requiring mechanical ventilation and myocarditis with cardiogenic shock .",NOT HYPE,[],0,rigour,No
reproducible,9138543,Our product uses site -specific conjugation for controlled and reproducible installation of a radio-isotopic label on single domain antibodies ( sdAbs ) .,NOT HYPE,[],0,rigour,No
detailed,9276886,"Overall , a more detailed understanding into these questions has tremendous implications for the development of more effective drugs to treat a wide variety of diseases .",HYPE,"['gratuitous', 'broader context']",1,rigour,No
scientific,9523638,"Thus , we propose a plan to extend the software and implement new solutions to promote scientific data sharing and reuse .",HYPE,['gratuitous'],1,rigour,Yes
latest,9809655,"Opiate overdose , specifically the PO overdose has become an epidemic in the U.S. This grant will help the PI develop expertise in imaging methodologies that she has not used [ novel resting state functional connectivity ( RSFC ) analysis ( modulatory interactions ) ; the latest multiband MR acquisition protocol ; diffusion tensor imaging ( DTI ) ] to conduct a multi-method assessment of brain structural and functional alterations in prescription opiate dependent ( POD ) individuals vs. controls .",NOT HYPE,"['gratuitous', 'broader context']",0,novelty,No
detailed,9665280,"During the past decade , significant technical and conceptual advances have enabled the isolation and detailed characterization of a plethora of new bNAbs from HIV - 1 - infected subjects .",HYPE,['gratuitous'],1,rigour,No
novel,8888362,"The principal hypotheses underlying the proposed work are that ( i ) neurons in primary auditory cortical fields express novel , emergent processing properties ; ( ii ) multiple stimulus dimensions are expressed in each cortical neuron and govern nonlinear interactions that contribute to transformations toward a more robust , less variant sound representation ; and ( iii ) these processing principles quickly adapt to changes in the stimulus statistics to enhance sound processing .",NOT HYPE,[],0,novelty,No
groundbreaking,10006922,"In the nearly 20 years since the groundbreaking sequencing of the human genome , the potential for precision genetic medicine has still not been realized .",HYPE,['hyperbolic'],1,novelty,No
novel,9835570,Critical to the development of novel therapeutics is the ability to accurately image disease burden in AVPC patients .,HYPE,"['gratuitous', 'broader context']",1,novelty,No
cohesive,9890029,"Additionally , our organization of five clinical research units into a cohesive network provides extraordinary expertise in strategic locations to enhance participant recruitment from diverse communities with a particular focus on : children ; the elderly ; those with serious mental illness or substance abuse issues ; low - income individuals served by Medicaid ; those with HIV / AIDS ; and people of all ages who are minorities , underserved , and victims of health and environmental disparities .",HYPE,['gratuitous'],1,rigour,No
strong,9916297,"1,3 -6 Because available screening tests remain inadequate to merit wide implementation , based on our strong preliminary findings the proposed project aims to develop a novel , widely translatable , and economically feasible test that can reduce OC mortality rates .",HYPE,"['gratuitous', 'broader context']",1,rigour,No
creative,9610114,The Conference traditionally attracts early career scientists ( ~ 40 % ) and established scholars as well as creative scientists from industry .,HYPE,['gratuitous'],1,novelty,No
detailed,9241938,"The proposed analyses will provide the most detailed multinational findings available to date on the individual , social , and cultural influences that ma increase or reduce alcohol 's H2O .",HYPE,"['gratuitous', 'amplified']",1,rigour,No
latest,9312949,"The Core also holds seminars and workshops as part of the Center enrichment series with the goal to provide DHC investigators with practical reviews and analysis of the latest technologies and assays , and to empower investigators to take advantage of the resources based on their scientific needs .",NOT HYPE,[],0,novelty,No
strong,9278942,"The philosophy of the training program is to develop students with strong quantitative approaches to biological problems , while also developing their perspective in choosing the most meaningful biological problems .",HYPE,['gratuitous'],1,rigour,No
latest,9209025,3 ) Make available the latest advanced PET and MRI imaging methods and data analysis capabilities to ADRC affiliated projects .,HYPE,"['gratuitous', 'coordinated']",1,novelty,No
revolutionary,10105241,This revolutionary tool is the first in vitro method for engineering specific binders against pY -modifications in three - dimensional protein structures .,HYPE,['hyperbolic'],1,novelty,No
unique,9350526,We propose to leverage this unique data set to investigate the relationship between evolution of tumor subclones during metastatic progression and the phenotypic profiles of these tumors .,HYPE,['gratuitous'],1,novelty,No
unparalleled,10045024,"The Center will leverage unparalleled institutional resources , facilities and expertise of the A Laboratory , a globally renowned institution for mouse genetics research , to enhance its goals and the utility of the resources it generates for the aging research community .",HYPE,['hyperbolic'],1,novelty,Yes
creative,9807739,"In addition , the Contractor shall assist in identifying potential partnerships for sharing resources and amplifying messages , as well as finding creative ways to develop and repackage digital content to resonate with multiple audiences within and beyond the research community .",HYPE,"['gratuitous', 'broader context']",1,novelty,No
groundbreaking,9821365,"This project thus represents a groundbreaking effort in which the latest insights from a variety of scientific disciplines will be combined to offer new epidemiological insights into the interactions between OUD , HIV and HCV at the local level and for rapid implementation into the field to ensure timely public health impact on OUD , HIV and HCV among PWID in the US .",HYPE,['hyperbolic'],1,novelty,No
systematic,9223351,"( 2 ) Construct metabolic networks to better understand their systematic perturbations accompanied by human diseases , where the network can serve as more robust biomarkers for disease diagnostics , and ( 3 ) advocate the disease prediction by the combination of metabolite profiles , clinical covariates , as well as their interactions .",NOT HYPE,[],0,rigour,No
unprecedented,9036666,"These therapies now offer unprecedented options to a subset of patients , often inducing dramatic responses and a prolonged progression free survival .",HYPE,"['hyperbolic', 'broader context']",1,novelty,No
unparalleled,9509019,"An important feature of the U Program is its geographic location in South Florida , which is characterized by unparalleled multiculturalism .",HYPE,['hyperbolic'],1,novelty,Yes
scientific,9914819,Research abstracts will undergo peer-review for quality in a process conducted by the Scientific Review Committee using a pool of about 100 expert reviewers through a de - identified peer review process .,HYPE,['gratuitous'],1,rigour,No
sophisticated,9181366,"Project Summary Given its central role in animal health and survival , the gut has evolved a sophisticated network of regulatory inputs from a variety of sources , including immunological , metabolic and microbiotic .",NOT HYPE,[],0,rigour,No
strong,9819075,"While host resistance against respiratory pathogens is thought to reside with lung tissue - resident memory cells ( Trm ) and mucosal immunity , our strong preliminary data unexpectedly reveal that systemic vaccination elicits a population of migratory T cells that confer protection , whereas Trm elicited at the lung mucosa do not protect .",HYPE,['gratuitous'],1,rigour,No
systematic,9820480,"Concurrently , the Network worked to improve the measurement of patient reports of LUTS through systematic development of a new , high - quality item bank based on qualitative input from patients , community participants , internists , urologists , urogynecologists , and clinical researchers .",HYPE,"['gratuitous', 'broader context']",1,rigour,No
reproducible,9460256,"This will include organizing meetings to discuss developments in standards and other reproducibility technologies , organizing DREAM competitions to distill best practices from the community , publishing the center 's technologies , publishing a website and newsletter to advertise the center 's and others ' reproducible modeling tools , contributing articles to community newsletters and journals on reproducible modeling , publishing a website to advertise the center 's services and recruit new collaborative and service projects , and overseeing the documentation and distribution of the center 's tools .",NOT HYPE,[],0,rigour,No
innovative,9073981,"We will introduce several innovative aspects of this Pilot Grants Program including an annual symposium in which the applicants propose their research to the broader liver research community , and an evaluation process in which the impact of the Pilot Grants Program on career development will be assessed .",HYPE,['gratuitous'],1,novelty,No
robust,9346470,"Flow cytometry was chosen as the preferred platform because the data are statistically robust , the equipment is relatively commonplace , the analyses consume very low quantities of sample , and it will enable G&D to leverage its proprietary experience in producing carbohydrate - sensing reagents .",HYPE,['broader context'],1,rigour,No
novel,9431825,Aim 1a will assess whether cases with high processed meat intake have a higher frequency of G>A transitions in known and novel driver genes .,NOT HYPE,[],0,novelty,No
detailed,10015996,"In a recent collaborative study with Drs. A and B we characterized the detailed hemodynamic effects of an acute alcohol binge in mice using echocardiography , ultrasonic flow probes , pressure - volume analysis and laser speckle approach , and investigated the potential role of the endocannabinoid CB1 -R signaling in these effects .",HYPE,['gratuitous'],1,rigour,Yes
reproducible,10037537,"The project aims to develop an advanced fresh - blood imaging ( FBI ) for fast , safe , robust , diagnostic , reproducible NC - MRA and an innovative , free-breathing , ungated , non-subtracted NC-MRA technique using 3D ultra-short TE ( UTE ) for follow up on the patients with surgical devices .",HYPE,"['gratuitous', 'coordinated', 'broader context']",1,rigour,No
advanced,10035113,"In addition , we will study the primary pharmacology and antitumor activity of pacDNA in advanced preclinical lung cancer models including an orthotopic tumor model , a patient derived tumor model , and a syngeneic genetically engineered mouse model ( GEMM ) , and perform initial in vivo safety and tolerability studies .",HYPE,['gratuitous'],1,rigour,No
cohesive,9767373,"We also know that pain and addiction are co-morbid with other mental health diseases such as anxiety , depression and stress , which makes cohesive research challenging .",HYPE,['gratuitous'],1,rigour,No
first,9838860,"Under the first aim , using our validated OPC reporter mouse strain as a tool to isolate OPCs , we will perform single cell sequencing analysis to discover the molecular diversity of OPCs .",NOT HYPE,[],0,novelty,No
cohesive,9313001,"Working on behalf of the A leadership , internal and external advisory boards , membership / associate membership , scientific core facilities , and sister Centers / Institutes , the Administrative Core is a cohesive unit that seeks to accomplish the following interrelated critical functions : ( 1 ) to oversee the scientific , programmatic , operational and fiscal affairs of the A Center ; ( 2 ) to provide support for the scientific core facilities ; ( 3 ) to coordinate the oversight and implementation of the pilot and feasibility grant program ; ( 4 ) to furnish support for Center members ; ( 5 ) to foster the career and professional development of Center associate members ; ( 6 ) to coordinate the internal and external advisory board meetings , as well as the steering committees of the Cores ; ( 7 ) to promote interdisciplinary research at Penn and with other institutions in Philadelphia ( B , C , D and E Cancer Center ) ; ( 8 ) to interact with the NIH / NIDDK administration and other centers , possibly with a new ?",HYPE,"['gratuitous', 'broader context']",1,rigour,Yes
reproducible,9798272,"Separately , we synthesized 18 novel GlyT - 2 inhibitor hit compounds derived from ORG -25543 that exhibit reproducible variations in reversibility and transport recovery using a washout assay protocol .",NOT HYPE,[],0,rigour,No
systematic,8991676,"While that is the case , there has been no systematic research on the consequences of motor speech disorders across languages and there is no mechanism to describe , or address , dysarthria in languages other than English .",NOT HYPE,[],0,rigour,No
quality,9290598,"Owing to the highly hierarchical nature of the extracellular matrix , the properties of collagenous supramolecular scaffolds are fundamentally defined by the complex intracellular process of collagen folding and quality control .",NOT HYPE,[],0,rigour,No
systematic,10044538,"This will empower the provision of expertise in all aspects of : statistical design ; power / sample size calculations ; systematic sample selection strategies for efficient data integration and analyses ; and integration of data from multiple sources including laboratory data , clinical data , and data from diverse sequencing platforms .",HYPE,"['gratuitous', 'broader context']",1,rigour,No
scientific,9572460,The AC will provide overall scientific oversight and manage quality control throughout COPR by developing a set of Center - wide and Project - and DMC -specific Standard Operating Procedures ( SOPs ) that will formalize review and oversight for all aspects of the COPR .,NOT HYPE,[],0,rigour,No
robust,9524596,"Our recent studies demonstrate robust activation of the transcriptional co-activators MRTF -A and YAP through RhoA signaling in glioblastoma cells , and implicate altered gene expression in proliferative and migratory responses .",NOT HYPE,[],0,rigour,No
accurate,9174641,The proposed studies will reveal whether wheel - running is an accurate measure of clinical pain by testing rats with inflammatory and migraine pain .,NOT HYPE,[],0,rigour,No
unparalleled,9094543,"The Mouse Phenome Database ( MPD ; phenome.jax.org ) is unique and unparalleled as a repository of expertly curated , highly integrated and diverse mouse phenotype data , including significant amounts of data relevant to alcoholism , addiction , neurobehavioral processes , and other physiological domains .",HYPE,"['hyperbolic', 'coordinated', 'broader context']",1,novelty,No
cohesive,9095994,"The cohesive nature of our training program is demonstrated by the fact that fully 16 of the 17 trainers have published papers with other trainers , that 11 of the trainers share jointly funded NIH grants with other trainers ( a total of 11 funded grants , not counting the CFAR grant ) , 23 of our trainees have published with 2 or more trainers , that there are many joint lab meetings , and that our trainers participate in extensive programmatic activities and minority - recruitment efforts .",NOT HYPE,[],0,rigour,No
systematic,9467160,"New Methods for Systematic Review Updates ) . ( 3 ) Investigate several questions related to scaling the system to support hundreds to thousands of simultaneous screeners ( Aim 3 - Software Engineering for Scalability , Usability and Full Text Extraction ) .",NOT HYPE,[],0,rigour,No
novel,9577628,"We hypothesize the novel RFA will significantly boost influenza vaccine - induced humoral and cellular immune responses , resulting in increased protection against vaccine and non-vaccine viral strains .",NOT HYPE,['broader context'],0,novelty,No
quality,9845554,Attaining these aims will provide a robust test with established analytic and quality controls .,NOT HYPE,[],0,rigour,No
systematic,9193117,"Although studies have shown that massage is effective for pain , caregiver - delivered strategies have not been tested or implemented in any systematic way across VA .",NOT HYPE,[],0,rigour,No
nuanced,9211588,"With this information , we will be able to provide a nuanced picture of AI students ' strongest supports and how factors differ for AI students attending tribal college and public universities .",HYPE,['gratuitous'],1,rigour,No
latest,9685576,The Course is designed to provide trainees with intensive exposure to the latest research in experimental biogerontology and individualized guidance regarding the development of a research proposal .,HYPE,['gratuitous'],1,novelty,No
strong,9198973,"The proposed research is significant , because it addresses a limiting factor in the wider adoption of CC initia - tives : the lack of a strong evidenc base to support the value of specific CC elements in terms of relevant resident - and facility - level outcomes ; and it extends existing research in a new direction by examining relationships between a specific CC domain ( homelike environment ) and behavioral outcomes in NH residents with dementia .",NOT HYPE,[],0,rigour,No
latest,9913967,"The A group prides itself on bringing a critical mass of medical mycology researchers together from the south central region of the United States to share the latest research being conducted in the various labs , provide opportunities for collaboration , and promote the development of junior trainees in participating laboratories .",HYPE,['gratuitous'],1,novelty,Yes
systematic,9168247,"In this year - long project , we aim to empirically assess the performance and efficiency of state - of - the-art information analysis technologies to assist the production of systematic reviews and meta-analyses that are increasingly being used as a foundation for evidence - based medicine and stakeholder - driven comparative effectiveness reviews .",NOT HYPE,[],0,rigour,No
systematic,9243880,"I completed a research fellowship and have conducted studies to describe barriers to care coordination , a systematic review of interventions to reduce readmissions , and analyses of HHC referrals at hospital discharge .",NOT HYPE,[],0,rigour,No
robust,9979509,"Here we hypothesize that a comprehensive multi - omic , phenomic , and trans -ethnic computational methodology will provide a robust and rigorous framework .",HYPE,"['gratuitous', 'coordinated', 'broader context']",1,rigour,No
innovative,9087728,"In this application , the proposed work represents an innovative and highly significant approach that seeks to investigate the development and validation of a cohesive multi-scale biomechanical mathematical modeling approach to link the cellular level mechanobiology interactions between cancer cells and extracellular matrix that direct cancer cell proliferation , motility , and aggressiveness , with clinically relevant non-invasive imaging data .",HYPE,"['gratuitous', 'coordinated', 'broader context']",1,novelty,No
quality,9812625,"Aim 3 will encompass submission of metadata and data to the DIRC / DCC , quality control of the data , and data analysis and interpretation .",NOT HYPE,[],0,rigour,No
powerful,9157297,"In this project we have developed powerful new cellular , genetic and biochemical approaches that enable direct , high -resolution analyses of bona fide Plasmodium -specific memory CD4 + T cells .",HYPE,"['gratuitous', 'coordinated']",1,rigour,No
unique,9014329,The CRISPR / dCas9 system has been shown to be a powerful genome targeting method when paired with unique sgRNAs ( single guide RNAs ) designed to target specific DNA sequences in the genome .,NOT HYPE,[],0,novelty,No
cohesive,9326517,"The primary treatment for vocal nodules is voice therapy ; however therapy has variable success rates , which is often attributed to a lack of a cohesive , theoretically - based framework specifically for children with voice disorders .",NOT HYPE,[],0,rigour,No
scientific,10025452,"Under the Center Director ?s leadership , the Administrative Core , with a panel of expert scientific advisors , would coordinate and support the efforts of the individual Cores .",HYPE,['coordinated'],1,rigour,No
latest,9762309,"The Congress offers scientists , government regulators , and members of industry the opportunity to learn about the latest developments in toxicological science and regulation through general scientific sessions and continuing education classes .",HYPE,['gratuitous'],1,novelty,No
sophisticated,9875828,"While there are some sophisticated spectroscopic methods for sensitively measuring the biomarker ethylene in exhaled breath , these approaches are necessarily limited in spatial resolution and complexity of sample .",NOT HYPE,[],0,rigour,No
innovative,9447224,"By employing an innovative strategy to create a mir-223 fluorescent reporter , mir-223 localization patterns will be assessed for the first time in vivo and correlated with the dynamic emergence of HSPCs from the hemogenic endothelium in zebrafish .",HYPE,['gratuitous'],1,novelty,No
powerful,9777714,"We believe an RSV -specific , safe , effective and topically - delivered antiviral would provide a powerful option addressing the current gap in pharmacological interventions .",HYPE,['gratuitous'],1,rigour,No
robust,9737566,"The innovative combination of standardized assessments , rich qualitative data , biological quantification , electronic medical record , and public services data will provide robust and unbiased data of current perinatal cannabis use and co-use with tobacco in pregnant teens , associated maternal characteristics , and infant outcomes .",HYPE,"['gratuitous', 'broader context']",1,rigour,No
novel,9357244,"In FY15 / 16 we have continued our previous efforts to advance our understanding of this mechanism ; specifically , we have focused on attaining novel structural information on the membrane domain of the enzyme by integrating a wide range of experimental data through advanced , rigorous computational methods - so as to establish a foundation for future mechanistic studies .",HYPE,"['gratuitous', 'broader context']",1,novelty,No
creative,9796755,Creative researchers coin and use new phrases all the time .,NOT HYPE,[],0,novelty,No
careful,9563769,"Another issue arises from the persistence of carfentanil in the body ; the half - life of the drug exceeds naloxone , requiring multiple infusions of naloxone over time and careful monitoring or else results in re-narcotization .",HYPE,['gratuitous'],1,rigour,No
reproducible,9987278,"Our specific aims are : ( 1 ) To provide support to A investigators in the design , conduct , analysis and reporting of results from A studies and ( 2 ) To provide secure and accessible database systems to facilitate reliable and reproducible impactful results for all A investigators .",HYPE,"['gratuitous', 'coordinated']",1,rigour,Yes
sophisticated,10081264,Our project will provide this needed higher level evidence by conducting a sophisticated and methodologically rigorous analysis of administrative data to create a unique nationally - represented data set stemming from the first ever longitudinal investigation comparing the effectiveness of pediatric concurrent care versus standard pediatric hospice care to improve pediatric and family outcomes .,HYPE,"['gratuitous', 'coordinated', 'broader context']",1,rigour,No
unparalleled,9633340,"By integrating cardiology subspecialty training with the formal recruitment of Ph.D. training ( or equivalent post- doctoral training for those already having a Ph.D. ) , the university A Cardiology B Program provides graduates with the rigorous research background essential to translate the unparalleled advances in molecular health sciences into modern molecular medicine .",HYPE,"['hyperbolic', 'broader context']",1,novelty,Yes
emerging,9370511,Electronic cigarettes ( or e-cigarettes ) are currently a popular emerging tobacco product .,HYPE,['gratuitous'],1,novelty,No
novel,9357240,Search for novel serotypes of AAV capable of efficient transduction of human HSPCs is underway to further enhance HR - triggered genome editing in human CD34 + cells .,NOT HYPE,[],0,novelty,No
innovative,9924202,The case studies will serve to inform and promote innovative manufacturing practices across the numerous batch and hybrid batch - continuous facilities existing worldwide .,HYPE,['gratuitous'],1,novelty,No
careful,9602307,This improved outlook is the result of careful and systematic evaluation of many drug combinations .,HYPE,"['gratuitous', 'coordinated']",1,rigour,No
scientific,9720728,"I will receive training , coursework , and direct mentorship in skillsets that I will continue to use throughout my scientific career ",HYPE,['gratuitous'],1,rigour,No
quality,9068926,"Collectively , these efforts have resulted in a high success rate in producing high quality investigators who are well prepared to become independent investigators , future mentors , and academic leaders .",HYPE,['gratuitous'],1,rigour,No
unique,9993072,"Use of these mutant mice allows isolation of afferent signaling by either type of hair cell , in order to determine the unique contribution that each pathway makes to perception of sound .",NOT HYPE,[],0,novelty,No
rigorous,9376481,"These lesions will be subjected to the best single or combination ( non-immunologic ) regimens discovered in Aim 2 , thereby permitting rigorous preclinical therapeutic assessments in living human giant nevi .",HYPE,['gratuitous'],1,rigour,No
rigorous,9263431,We propose a rigorous twin study to test the new paradigm that abnormal sleep is linked in a bidirectional way with nighttime dysautonomia to increase cardiovascular risk in PTSD .,HYPE,['gratuitous'],1,rigour,No
rigorous,9037725,Achieving these aims would enable us to intervene earlier in the course of 4 RT disease and design more rigorous clinical trials of tau lowering drugs .,NOT HYPE,[],0,rigour,No
systematic,9143362,"Our systematic investigation is highly significant because it will decode the critical factors involved in nephron reconstitutio , which are critical next steps in tubule repair and renal tissue regeneration .",HYPE,"['gratuitous', 'broader context']",1,rigour,No
reproducible,9597565,"Specifically , the objective of our application is to use rigorous econometric methods ( e.g. differences - in-differences models , event studies , changes - in - changes methods , unconditional quantile regressions , factor models , and synthetic control models ) and high quality , reproducible data ( both proprietary and survey ) to causally estimate the effect of e-cigarette regulations on : ( i ) e-cigarette prices , access , and perceptions ; ( ii ) use and sales of e-cigarettes , traditional cigarettes , cigars , smokeless tobacco products , and dual - and multi-use of these products . ; and ( iii ) sales of nicotine replacement therapy .",HYPE,"['gratuitous', 'coordinated', 'broader context']",1,rigour,No
reproducible,8934027,"This is supplemented by training in responsible conduct of research ( and as a new focus , in reproducible data analysis ) and teaching , as well as by professional development opportunities that align with each student 's individual development plan .",NOT HYPE,[],0,rigour,No
quality,10058112,"The membership consists of community colleges partnered with business and industry , universities , and community - based organizations offering a consistent and quality response to the national training need for hazardous waste workers and emergency response personnel .",HYPE,"['gratuitous', 'broader context']",1,rigour,Yes
careful,9310923,"Peaceful coexistence with the essential microbes that populate the mammalian gut requires a careful balance between tolerance of commensals , maintenance of barrier function , and avoidance of damaging inflammation .",HYPE,['gratuitous'],1,rigour,No
powerful,9132269,New advances in this powerful protocol create many opportunities to enhance the scope of the method .,HYPE,['gratuitous'],1,rigour,No
nuanced,9880790,It will also innovate around how budget impact analyses can be used to inform more nuanced strategies for implementation and scale - up in resource - limited settings .,HYPE,['gratuitous'],1,rigour,No
quality,9146192,Expert pathologic review from a dedicated GI pathologist will ensure high - quality annotation .,HYPE,['broader context'],1,rigour,No
systematic,9173361,A significant barrier is that systematic age - based performance standards establishing benchmarks and cut-points for typical versus atypical development on variables that reflect functional speech motor performance and are valued outcome measures in dysarthria do not exist .,NOT HYPE,[],0,rigour,No
rigorous,9719144,"This Program Project proposal lays out a forward - looking research agenda encompassing three areas : 1 ) innovative and comprehensive analyses of current initiatives , 2 ) rigorous research on the current form of integration , the MA program which , as our research has shown , has demonstrated improved performance in recent years , and , 3 ) research on innovative beneficiary as well as provider payment policy .",HYPE,"['gratuitous', 'broader context']",1,rigour,No
quality,100274,What types of quality improvement activities do programs engage in to better meet the needs of families ?,NOT HYPE,[],0,rigour,No
quality,9831425,"To stimulate a new phase of this research project , we hypothesize that : Advanced graph - based image segmentation algorithms , when combined with deep - learning - derived application / modality specific parameters and allowing highly efficient expert - analyst guidance working in concert with the segmentation algorithms , will significantly increase quantitative analysis performance in routinely acquired , complex , diagnostic - quality medical images across diverse application areas .",HYPE,['broader context'],1,rigour,No
emerging,9524579,"The emerging paradigm is as follows : CDCs secrete exosomes which transfer payloads into target cells , inducing transcriptomic and phenotypic changes that underlie the benefits of CDC therapy .",HYPE,['gratuitous'],1,novelty,No
revolutionary,9767392,"Importantly , this revolutionary concept can be extended to develop similar assays for other glomerular diseases and therefore , reduce or eliminate the need for renal biopsies .",HYPE,['hyperbolic'],1,novelty,No
accurate,9444240,"We will adopt a multiscale approach , summarized as follows : ? Behavioral models - ? capable of an accurate probabilistic prediction of the animal ?",HYPE,['gratuitous'],1,rigour,No
unique,9713524,"This application has several unique features / strengths including : public health / clinical significance , targeting RF of ECE providers , engaging parents in ECE care , and using innovative methods to optimize our intervention .",HYPE,"['gratuitous', 'broader context']",1,novelty,No
scientific,9229453,The Applicant has put together an expert academic advisory committee of distinguished scientists and clinicians from university A and external research communities to guide and complement each other 's scientific expertise .,HYPE,"['gratuitous', 'broader context']",1,rigour,Yes
unprecedented,9388681,"We have curated an unprecedented sex - balanced , age - , IQ - and severity - matched cohort of cognitively - able school - age ? , and ? with ASD , age - and IQ - matched typically developing ( TD ) children and unaffected siblings ( US ) .",HYPE,['hyperbolic'],1,novelty,No
advanced,9683376,"Furthermore , improved understanding of the tissue - and organ -level changes associated with the onset and progression of MI will guide and validate this research through advanced cardiac imaging .",HYPE,['gratuitous'],1,rigour,No
first,9758706,"We hypothesize that resistance to first - line osimertinib is mediated primarily through secondary mutations in EGFR , and tumors with these mutations exhibit different patterns of sensitivity to first or second generation EGFR TKIs .",NOT HYPE,[],0,novelty,No
scientific,9760316,"The training plan includes completion of relevant courses , attendance in targeted workshops , individual supervision and mentorship by experts in the field , and scientific writing and presentation experience .",NOT HYPE,[],0,rigour,No
nuanced,9679982,We reasoned that a tool that balanced quantitative cell sorting capacity with high throughput operation would alleviate this bottleneck and enable development of more nuanced and multifaceted therapies .,HYPE,"['gratuitous', 'coordinated']",1,rigour,No
accurate,9416772,"The studies in this project will leverage novel , genetically accurate murine models coupled with detailed studies of primary samples from the MPN - RC sample bank .",HYPE,"['gratuitous', 'coordinated']",1,rigour,No
cohesive,9729911,"Our overall Aims provide the basis for synergy that will transform this work from a collection of individual projects into a cohesive Center where each element enriches , and is enriched by , the activities of the others , serving as a resource that benefits the scientific community and beyond .",HYPE,['gratuitous'],1,rigour,No
powerful,9093838,We will also use a powerful within-subjects experimental design in which each individual acts as his or her own control .,HYPE,['gratuitous'],1,rigour,No
careful,9049857,"The proposed system will allow for a completely non-invasive , non-disruptive investigation of factors such as multi-leaf collimator pattern tracking , patient alignment , and correlation between Cherenkov intensity and surface dose for relative quantification and careful monitoring by physicians .",HYPE,['gratuitous'],1,rigour,No
novel,9057121,"In addition to TGFﬂ2 , we show during saccular lung development that hyperoxia down - regulates the complete mechanistic pathway of TGF ﬂ signaling , including intracellular TGF ﬂ signal transducer , pSmad3 ( which predominates in lung ) , as well as a novel TGF ﬂ downstream ECM effector , ﬂig H3 .",NOT HYPE,[],0,novelty,No
reproducible,9568989,"Our powerful method for immune profiling that is based on unique immune cell DNA methylation fingerprints is more reproducible , and less intrusive and costly than current methods .",HYPE,['broader context'],1,rigour,No
emerging,9976823,"Therefore MBLs , and NDM - 1 in particular , represent a significant emerging worldwide health threat .",HYPE,"['hyperbolic', 'gratuitous', 'coordinated']",1,novelty,No
scientific,9631141,Recent trends highlight that the current and developing scientific workforce in the United States may not be adequately prepared nor reflect the diversity of students needed to tackle the increasingly complex and cross - disciplinary nature of biomedical research .,NOT HYPE,[],0,rigour,No
robust,9650414,"Vaccination with any of the three antigens elicits a robust immune response that protects from disseminated as well as mucosal Candida infections , in pre-clinical animal studies .",NOT HYPE,[],0,rigour,No
accurate,9608490,"AMI in collaboration with the University A and company B, proposes this SBIR Phase I application to develop and evaluate the feasibility of a device for providing quantitative and accurate pain measurements that do not rely on self - report .",HYPE,['gratuitous'],1,rigour,Yes
nuanced,9849946,"Programming of child obesity is likely multifactorial with a nuanced interplay between pre - , peri- , and postnatal factors .",HYPE,['gratuitous'],1,rigour,No
systematic,9641273,"Thus , to date , there is no systematic way to accurately track more than one protein , of the millions of proteins , inside a volume the size of E. coli ?s cytoplasm at once .",NOT HYPE,[],0,rigour,No
scientific,9581128,The iniciative's goal is to make available to the scientific community large numbers of ?,NOT HYPE,[],0,rigour,Yes
first,9458975,"For the first 2 weeks of the program , trainees will work with their faculty mentors to develop a solid knowledge base of a specific pharmacoepidemiologic question based on a thorough review of the literature .",NOT HYPE,[],0,novelty,No
first,9005810,"For the first time in decades , the TB drug development pipeline is filled with several promising new agents that will soon be ready for phase 2 and phase 3 trials .",HYPE,"['gratuitous', 'priority claim', 'broader context']",1,novelty,No
strong,9349333,"Project Summary / Abstract : HIV - 1 transmission to a new individual elicits a strong selective bottleneck on the existing virus population , and typically only one or a few very special viral variants will establish each new infection .",NOT HYPE,[],0,rigour,No
unparalleled,9186963,"Scholars will be housed at university A and the B Division of Research, both with robust scientific infrastructures , where they will be able to access an unparalleled set of data resources , including the entire B patient population , and a wide range of prospective cohorts .",HYPE,"['hyperbolic', 'broader context']",1,novelty,Yes
careful,9572262,"Because patients with MMA and PA display pathology that can be seen in many common conditions , such as vitamin B12 deficiency , stroke syndromes , pancreatic dysfunction , diabetes , chronic kidney disease , osteoporosis , cardiac dysfunction and obesity , it is likely that the careful elucidation of patient phenotypes will provide new insights into the pathophysiology of more complex and prevalent disorders , and perhaps , suggest new pathways to target for therapeutic intervention that could affect millions of patients .",HYPE,['gratuitous'],1,rigour,No
scientific,9416305,"With our Projects , we are committed to remain at the forefront of the scientific efforts to understand the pathological processes involved in the etiology of AD .",HYPE,['gratuitous'],1,rigour,No
unparalleled,9854756,"The success of this innovative program project grant is bolstered by the unparalleled breadth and depth of our multi-disciplinary investigative team at university A , B university , C Laboratory , D University Hospital , and E University that has pioneered the development of the initial experimental infrastructure for conducting FLASH - RT research and produced strong preclinical evidence of increased therapeutic index , comprising expertise in radiation oncology , radiobiology , medical physics , and preclinical imaging and accelerator science .",HYPE,"['hyperbolic', 'broader context']",1,novelty,Yes
innovative,9633071,An innovative aspect of the Core is the proposed development of mathematical models and computer simulations to explore how different mechanistic assumptions affect viral population growth and the likelihood of placental transmission under different immune control scenarios .,NOT HYPE,[],0,novelty,No
detailed,9060321,Using the optimized and pharmacokinetically characterized agent we will perform detailed photoacoustic imaging of orthotopic thyroid tumors in mice and will correlate the intensity of signal in vivo with the level of the MMP - 9 present in the tumors .,HYPE,['gratuitous'],1,rigour,No
systematic,9608971,The collaborative centre aims to build a systematic evidence base for effective community engagement for genomics and biobanking in Africa from the recruitment stage to feedback of findings .,HYPE,['gratuitous'],1,rigour,Yes
detailed,9722343,"We expect that knowledge gained in this R21 proposal will provide critical preliminary data to support future detailed research that has potential to significantly enhance our understanding of the fundamental innate immune responses that promote or prevent successful arbovirus infection in this critical vector species , and could provide a model for conducting similar research in other arthropod / pathogen relationships .",HYPE,"['gratuitous', 'broader context']",1,rigour,No
sophisticated,10058117,"Ourselves and others have developed methods to accomplish this , but at the expense of substantial hardware complexity and sophisticated algorithms to ensure that wavenumber as a function of time , k( t ) , is known precisely for each sweep .",HYPE,['gratuitous'],1,rigour,No
systematic,9280049,"The program will bring an organized , systematic approach to address unsolved problems in surgery , rather than leave them to incremental approaches , chance , or trial and error .",HYPE,"['gratuitous', 'coordinated', 'broader context']",1,rigour,No
powerful,9217336,"Furthermore , preliminary evidence gathered in the powerful genetic model system C. elegans indicates that exposure to chemicals such as Bisphenol A leads to a heritable , transgenerational defect in chromatin silencing of repetitive DNA .",HYPE,['gratuitous'],1,rigour,No
systematic,9146325,"The intervention mapping framework was used to develop the multi-level interventions : Parent : improve perception and skills - a common-sense model of self - regulation ( CSM ) - based OH facts letter + dental information guide ( DIG ) ; Provider ( Physician ) : improve knowledge and skills - CSM - based education and skills , communicate OH facts , provide prescription to go to dentist ; Practice ( Pediatric ) : quality improvement - integrate systematic EMR documentation of OH , practice - tailored facilitation .",HYPE,['gratuitous'],1,rigour,No
strong,10020347,"Despite strong evidence that colorectal cancer ( CRC ) screening reduces mortality , rates of CRC screening , follow - up , and referral - to - care ( herein referred to as ? CRC screening ? ) remain suboptimal in the US .",NOT HYPE,[],0,rigour,No
revolutionary,9778288,"Therefore , revolutionary technologies and tools are urgently needed to discover and more effectively dissect the biosynthesis of fungal SMs in order to more efficiently access novel fungal metabolites as potential pharmaceutical agents .",HYPE,"['hyperbolic', 'broader context']",1,novelty,No
advanced,10025136,"Beyond ICB , which is ineffective in up to 60 % of patients , patients with advanced NRASMUT melanoma have no standard - of - care options .",NOT HYPE,[],0,rigour,No
scientific,9072714,"The Administrative Core has the following Specific Aims : 1 ) Facilitate and maintain communication among team members and with the EAB , the IAB ; 2 ) Manage scientific progress and timelines to ensure integration across the Program ? s projects and departments and centers ; 3 ) Manage fiscal and other resources ; and 4 ) Track outputs and outcomes and complete required reporting .",NOT HYPE,[],0,rigour,No
cohesive,9955803,"In order to more accurately assess the characteristics and contribution of biofilm adhesion on implant infections , an appropriate film adhesion measurement technique must be developed for evaluation of low cohesive strength-high adhesive strength biofilm - substrate interfaces .",NOT HYPE,[],0,rigour,No
groundbreaking,9471171,"The conference will result in three specific , significant outcomes : ( 1 ) Catalyze the widespread dissemination of findings from a NIMHD - funded landmark psychiatric epidemiology study of AIAN people through developing publication and analysis plans for 4 - 6 peer-reviewed publications ; ( 2 ) Develop a plan to utilize study findings to fund and build programs that improve the access , quality , and utilization of behavioral and mental health services for people residing on reservations and in other communities served by Tribal Colleges ; and ( 3 ) Evaluate a groundbreaking national CBPR process in implementation science involving numerous institutions of higher education embedded in tribal communities .",HYPE,"['hyperbolic', 'broader context']",1,novelty,No
rigorous,9208943,"Data generated during the past funding cycle provided evidence for this view , however a lack of experimental tools to date has precluded the rigorous discrimination between 1 - C trafficking defects vs .",HYPE,['gratuitous'],1,rigour,No
groundbreaking,9177308,"To our knowledge , our Aims are groundbreaking , and yet , intuitive .",HYPE,"['hyperbolic', 'coordinated']",1,novelty,No
novel,9008996,"To our knowledge , our 14 - week pilot randomized controlled trial testing this novel approach is the only study that has demonstrated significant weight loss among low - income , African American mothers .",HYPE,['gratuitous'],1,novelty,No
advanced,9459237,Advanced informatics is vital for promoting clinical and translational research .,HYPE,['gratuitous'],1,rigour,No
quality,9470731,"In response to FOA 16 - 221 , we propose a program of research that seeks to reduce health disparities and improve the health of minority populations served in publicly funded settings through measurement of quality disparities and other critical domains of Medicaid - financed care delivered to adults with schizophrenia living in five diverse states .",NOT HYPE,[],0,rigour,No
innovative,9561881,"This work is innovative , has a potential impact on public health and directly addresses research priorities regarding aging in chronic HIV .",HYPE,['gratuitous'],1,novelty,No
innovative,9405320,"In Aim 2 , we will collaborate with all other clinical sites to perform innovative , sequential adaptive clinical trials including novel interventions based on predictive biomarkers .",HYPE,['gratuitous'],1,novelty,No
innovative,9999258,"The specific aims are : ( 1 ) to expand data sources and analytic support that drive innovative , multidisciplinary collaborations ; ( 2 ) to provide consultation and training in implementation science to HIV researchers and their implementation partners that will facilitate movement of evidence - based HIV interventions into real - world practice ; ( 3 ) To strengthen community participation in research , as well as community - engaged research , dialog with the public , and information exchange among researchers .",HYPE,"['gratuitous', 'coordinated']",1,novelty,Yes
reproducible,9357281,The above approaches may illuminate important features that contribute to disruption of biological mechanisms during the disease process and provide reproducible assays for high throughput screening for novel therapeutics .,NOT HYPE,[],0,rigour,No
unique,9568296,We are working with our collaborators to try to identify unique sleep signals that help define the disorders under study and therefore outline paths for potential therapeutic intervention .,NOT HYPE,[],0,novelty,No
quality,9889663,Subsequently robust evidence - based resource - stratified guidelines have been developed to promote high quality breast cancer therapy delivery in SSA .,HYPE,['gratuitous'],1,rigour,No
powerful,9203025,"The powerful combination of sharable database and analytic tools in a single platform will significantly advance knowledge of antibiotic-resistant bacteria , facilitate epidemiological monitoring of the spread of ESBL resistance , and represents a key first step to develop a diagnostic tool to counter ESBL resistance using whole - genome sequences .!",HYPE,"['gratuitous', 'broader context']",1,rigour,No
latest,9755670,"to engage in focused discussion on the latest advances in the field of cardiac arrhythmia mechanisms , to bridge the gap between basic science and clinical applications , to stimulate new areas for collaboration , to promote collegiality and information sharing .",HYPE,['gratuitous'],1,novelty,No
first,9974967,"IpRGCs , which express the photopigment melanopsin , are the first photoreceptors that mature in the retina , and they therefore provide the earliest light - driven signals to the brain .",NOT HYPE,[],0,novelty,No
first,10128155,Findings from this supplement will be the first to describe complement as a key communicatory factor participating in liver - brain crosstalk in AD caused by alcohol exposure .,HYPE,['priority claim'],1,novelty,No
reproducible,9589768,"Second , we have deployed a data sharing repository using the software developed at the center A.",NOT HYPE,[],0,rigour,Yes
unprecedented,9071769,"The products of this research program - new synthetic strategies , unprecedented transformations and novel reagents - have in turn enabled the synthesis of even more natural products and pharmaceutically relevant motifs , thus completing a catalytic cycle of discovery .",HYPE,"['hyperbolic', 'broader context']",1,novelty,No
accurate,9022967,"In addition to these theory - driven constructs , we will also evaluate health information : whether the salon profile provides health information about tanning and whether that information is accurate ; and targeting AYA : whether the indoor tanning salon targets AYA such as via prom or spring break promotions .",NOT HYPE,[],0,rigour,No
robust,9549245,"However , some studies found a robust treatment effect , but no differences between baclofen and placebo ( e.g. , Garbutt et al. , 2010 ) .",NOT HYPE,[],0,rigour,No
emerging,9949115,"Yet , despite this emerging pattern , few splicing factors have been studied with regard to aging and aging-related disease .",NOT HYPE,['gratuitous'],0,novelty,No
creative,9043900,"To accomplish these goals , the proposed A program will include eight major types of activities collectively designed to attract students from underserved communities and help support and strengthen their identity as scientists , and to provide a progressively rigorous educational environment that promotes critical , analytical , quantitative , creative thinking , and research skills that prepare participants to successfully compete in Ph.D. programs in biomedical and behavioral fields : ( 1 ) outreach to recruit underrepresented students into biomedical and behavioral sciences research and into the A program and other student development programs ; ( 2 ) training and support to enable lower division students to enter into directed research , leading to independent research and entry into PhD study ; ( 3 ) hands - on career exploration by students throughout their undergraduate program that focuses on biomedical and behavioral career opportunities and pathways ; ( 4 ) a series of courses and workshops designed to train participants as ethical scientists , develop key academic and workforce skills , and prepare participants to successfully enter graduate study ; ( 5 ) intensive laboratory research experiences under the mentorship of biomedical and behavioral faculty research faculty members ; ( 6 ) biomedical - related shadow and research fellowship experiences on campus and at regional doctoral - granting institutions ; ( 7 ) mentoring of matriculated A Fellows in their first two years after leaving university B as they transition to successful PhD studies , and ( 8 ) an on-going learning community which facilitates knowledge and professional growth and exchange between current and former A participants .",NOT HYPE,[],0,novelty,Yes
accurate,9660399,The potential market for an accurate diagnostic test for MDD is estimated at $ 5 - 8B annually .,HYPE,['gratuitous'],1,rigour,No
strong,9469101,"This proposal aims to leverage a bifunctional catalyst system that will more effectively stabilize both charge components of the transition state , removing the requirement for strong anion and cation stabilizing groups on the substrate , thereby increasing the substrate scope of this transformation .",NOT HYPE,[],0,rigour,No
first,10231305,s first principle with verified outcomes so as to engineer social interactions that maximize connectedness .,NOT HYPE,[],0,novelty,No
cohesive,9449998,The center A will integrate its five components into a cohesive structure to address the proposed specific aims and ensure that research activities focus on minority health and health disparities .,HYPE,['gratuitous'],1,rigour,Yes
rigorous,9346641,"Besides serving as a platform to get trained in doing rigorous science , I believe my endeavors will also help towards my goal of being a pediatric neurologist doing biomedical research .",HYPE,['gratuitous'],1,rigour,No
rigorous,9782389,"The Core will provide expert consultation , develop and expand research resources ( measures library and consent - to - contact databases ) , and engage with community stakeholders to achieve the following Specific Aims : ( 1 ) promote culturally competent , theory - driven assessment approaches and interventions that will result in rigorous , high - impact research to address MH and minority health disparities in HIV / AIDS prevention and care ; ( 2 ) facilitate and maximize the impact of community - engaged and responsive MH and HIV research through bi-directional collaboration of UM investigators with community stakeholders and engagement of potential research participants from hard - to-reach at-risk populations ; and ( 3 ) provide Human Subjects consultation and support to D- ARC investigators to ensure that risks , fairness , consent , and data quality / safety are addressed when working with vulnerable populations .",HYPE,"['gratuitous', 'coordinated', 'broader context']",1,rigour,Yes
careful,9355100,"After careful investigation in Phase I ( please refer to the details in business plan ) , we conclude that this integrated software / hardware platform with cutting - edge technologies in advanced imaging , large scale machine learning , and big data is commercially attractive to the entire muscle community including research institutes , hospitals , and pharmaceutical and athletic companies , demonstrated by strong enthusiasm among end users and many supporting letters .",HYPE,['gratuitous'],1,rigour,No
innovative,9820588,"By leveraging an innovative methodological design , the Multiphase Optimization Strategy ( MOST ) , the main objective of our proposed study is to optimize EMPOWER for YAs and prepare for a future randomized clinical trial ( RCT ) .",HYPE,['gratuitous'],1,novelty,No
careful,9034445,"As such , this project will establish a solid initial base of skills and experiences that will not only develop Dr F as an independent clinician scientist , but will result in a careful characterization of the vasculopathy in patients with SSc through a collaborative approach and provide an endothelial targeted clinical intervention when it may have the largest potential to impact outcomes .",HYPE,"['gratuitous', 'broader context']",1,rigour,Yes
latest,10018277,The goal of the proposed work is to leverage and build upon the latest advances in single - particle cryo electron microscopy and cryo focused ion beam - enabled in situ cryo electron tomography to elucidate the molecular mechanisms underlying effector protein export in P. falciparum and to identify promising targets for structure - based design of new anti-malarial therapeutics .,HYPE,"['gratuitous', 'broader context']",1,novelty,No
emerging,9615657,An emerging concept is that the synergy or crosstalk between cancer cells and the tumor microenvironment ( TME ) is critical for tumor initiation and progression .,NOT HYPE,[],0,novelty,No
novel,9233008,These proposed studies should provide crucial information on the efficacy of human ghrelin as a novel radiation MCM primarily targeting GI - ARS .,NOT HYPE,[],0,novelty,No
robust,9701771,"We found that strong tumor regression was linked to robust NOTCH pathway activation , which led to suppression of ASCL1 , a transcription factor critical for SCLC .",NOT HYPE,[],0,rigour,No
first,10044536,This first microbiome study of colon cancer disparities will comprehensively investigate the gut microbiome and its role in shaping the tumor immune microenvironment .,HYPE,"['priority claim', 'broader context']",1,novelty,No
unique,9428914,We will leverage our unique expertise in image - recorded stereotactic biopsies to compare clinical performance of the consensus protocol against histologic and clinical benchmarks .,HYPE,['gratuitous'],1,novelty,No
quality,9560662,"The Core will be uniquely positioned to carry out and monitor the quality control and quality assurance of standardized selected imaging , biochemical markers , neuropsychological behavioral testing , and laboratory testing .",NOT HYPE,[],0,rigour,No
novel,9244978,"We have also identified a novel , cell - type specific effect of H3R on signaling through AKT - GSK3 ? : in striatal medium spiny neurons that express D1R ( D1R - MSNs ) , H3R leads to phosphorylation ( and thus inactivation ) of GSK3 ? , while in D2R - MSNs it leads to GSK3 ?",NOT HYPE,[],0,novelty,No
scientific,9000499,"Nonetheless , the path and vision set by the Director are for continued expansion of scientific discovery and translational research remains , with emphasis on our core strengths in cancer genetics , experimental therapeutics and prevention .",NOT HYPE,[],0,rigour,No
innovative,9138967,"In this proposal we aim to : 1 . Assess current research needs and capabilities to perform valid and reliable HRMRI sequences in China , 2 . Establish the necessary research infrastructure to perform international multicenter HRMRI ICAS imaging , including establishing reliable image quality at the sites by using an innovative imaging phantom , and 3 .",HYPE,['gratuitous'],1,novelty,No
scientific,9855904,"Core B , Biostatistics and Data Harmonization Shared Resource Strong biostatistical leadership and expertise are integral to achieving scientific integrity of research data and analytical results , and are indispensable for assuring confidence in the potential clinical or public health impact of research activities .",HYPE,"['gratuitous', 'broader context']",1,rigour,No
unprecedented,9716259,"Using state-of- the-art procedures put forth by the A initiative , this project will develop , calibrate , and validate a new tool - the Positive and Negative Inventory for ASD ( PNI ) - for assessing core ASD symptoms with unprecedented precision of symptom description and discrimination , along conceptually novel dimensions .",HYPE,"['hyperbolic', 'broader context']",1,novelty,Yes
careful,9315911,"Importantly , the complex neural mechanisms that support visual working memory are not yet well characterized , and careful research in this area is critical for understanding how the healthy human brain actively maintains precise visual information in memory .",HYPE,['gratuitous'],1,rigour,No
nuanced,9538369,"To allow a more nuanced understanding of CU , and to ensure scientific rigor , our assessments will include self - and parent-reports and a behavioral game to address our three aims : ( 1 ) Investigate the developmental significance of early CU and related behaviors on later adolescent CU and socio-emotional behaviors ( e.g. , does early CU predict later outcomes ? ) ; ( 2 ) Explore the genetic and environmental contributions to longitudinal associations that emerge for CU and related behaviors ; ( 3 ) Examine the concurrent and longitudinal relations between CU and prosociality in adolescence using parent - and self - reports and a behavioral game of cooperation ( as aspect of prosociality ) .",HYPE,['gratuitous'],1,rigour,No
careful,9617117,"Taken together , the mechanisms and molecules identified here should be rapidly applied to the design and careful immunologic monitoring of next generation immunotherapy trials for childhood cancers . !",HYPE,['gratuitous'],1,rigour,No
unparalleled,10117728,"Though the SAVANT will offer unparalleled spatial resolution performance for a human scanner , quantitative accuracy and detection precision of NFT distributions will still be impacted by partial volume effects .",HYPE,['hyperbolic'],1,novelty,No
robust,9089863,A major hurdle in HIV cure research is the lack of robust high throughput assays to assess the character and size of the reservoir .,HYPE,['gratuitous'],1,rigour,No
novel,9610613,"RNA 's functional versatility is exempli?ed by the development of myriad novel RNA - based synthetic biology tools , including virus-detecting RNA devices , CRISPR / Cas9 genome editing , and RNA silencing .",HYPE,"['gratuitous', 'coordinated']",1,novelty,No
advanced,9146948,We approach this problem by integrating molecular cell biology approaches with advanced quantitative imaging of cytoskeletal dynamics and biophysical measurements .,HYPE,['gratuitous'],1,rigour,No
detailed,9795959,"Like the methylmalonic acidemia ( MMA ) protocol , this clinical effort is unique in that it is the only dedicated natural history study being conducted on PA that utilizes an intensive dedicated hospital visit to perform detailed clinical phenotyping .",HYPE,['gratuitous'],1,rigour,No
reproducible,9295396,"cient , rigorous , and reproducible analysis of high - dimensional data can be achieved when statisticians , biologists , and computer scientists federate efforts in a transparent and carefully engineered way .",HYPE,"['gratuitous', 'coordinated', 'broader context']",1,rigour,No
robust,10030794,"Our best estimate is that 1.3 million cases of gastrointestinal illnesses ( GI ) per year are attributed to consuming water from untreated private wells in the US , but in reality , there are no robust epidemiological data that can be used to estimate cases of GI attributable to these sources .",HYPE,['gratuitous'],1,rigour,No
careful,9532520,Careful coordination of these components will ensure the successful implementation of our efforts .,HYPE,['gratuitous'],1,rigour,No
reproducible,9444912,"Accordingly , we seek to ( 1 ) develop and validate a sensitive , specific , simple and reproducible retrotransposon assay for identifying the remnants of host bloodmeals in host - seeking nymphal deer ticks ; ( 2 ) use this assay to determine whether the Peromyscus blood index ( PBI ) may vary across sites and within sites over time ; and ( 3 ) experimentally confirm the PBI by undertaking interventions targeted to mice and assaying host seeking nymphal deer ticks thereafter to determine whether there has been a shift in hosts .",HYPE,"['gratuitous', 'coordinated']",1,rigour,No
emerging,9266196,Intestinal barrier dysfunction that leads to liver inflammation is an emerging mechanism in which to study alcoholic liver injury .,NOT HYPE,[],0,novelty,No
latest,9539903,We have established an atmosphere where junior and senior scientists present their latest unpublished findings and engage in meaningful scientific and mentoring interactions .,NOT HYPE,['broader context'],0,novelty,No
novel,10014047,6. Jones et al : Demonstration of a novel pregnancy related immunosuppressive protein used as a treatment to prevent graft versus host disease in a mouse model of transplant .,NOT HYPE,[],0,novelty,No
cohesive,9337197,"To address these aims , we propose four research projects and five cores that form a cohesive , transdisciplinary center focused on research , training / career development , and dissemination .",HYPE,"['gratuitous', 'coordinated']",1,rigour,No
cohesive,9188589,"A broad , yet cohesive group of faculty and staff support the program .",HYPE,['gratuitous'],1,rigour,No
unique,9099992,Intermediates in these systems exhibit unique spectral features that reflect novel geometric and electronic structures that are key to their reactivities .,HYPE,"['gratuitous', 'broader context']",1,novelty,No
sophisticated,9750360,Successful validation of our ASIC + work - around solution will provide highly sophisticated circuitry that could be incorporated into a wide array of low - power implantable neuroprosthetic devices .,HYPE,"['gratuitous', 'amplified']",1,rigour,No
cohesive,9419500,"The need for ethical integration in neuroscience will be addressed by a cohesive interdisciplinary team with expertise in neuroscience , clinical care , law , philosophy and social science .",HYPE,"['gratuitous', 'coordinated']",1,rigour,No
robust,10043996,In particular : ( i ) I have developed the sensitive and robust rhTCRseq to determine paired alpha and beta-TCR clonotypes in single cells as well as to perform TCR repertoire analysis in bulk RNA samples .,HYPE,"['gratuitous', 'coordinated']",1,rigour,No
sophisticated,9780218,"The BR provides much more than simple instrument availability by training in the use of instruments , maintenance and upgrades of instrumentation , and consultation / collaboration on experimental design and sophisticated analysis of biophysical experiments .",HYPE,['gratuitous'],1,rigour,No
creative,9415949,"The COBRE has three new investigator RPs and funding for 12 pilot projects to be awarded , in part , on the basis of their creative use of the research cores .",NOT HYPE,[],0,novelty,No
nuanced,9890355,Results from this study will provide a more nuanced assessment of the complex social and genomic factors linked with HPV - associated cancer .,HYPE,['gratuitous'],1,rigour,No
first,9615678,"When an epithelial tissue is wounded , the first cellular response is a dramatic increase in cytosolic calcium levels , beginning immediately upon tissue damaged .",NOT HYPE,[],0,novelty,No
unprecedented,10133241,"In this proposal , we aim to use multidisciplinary approaches , including CRISPR / Cas9 - mediated genome editing , stem cell technology , whole - cell patch clamp and X-ray crystallography , to define the functional CaCC ( s ) in human RPE ( in Aim 1 ) , and to conduct an unprecedented mechanistic investigation on the CaCC activity and physiological role of BEST1 ( in Aims 2 and 3 ) .",HYPE,"['hyperbolic', 'broader context']",1,novelty,No
detailed,9343620,"We seek to figure out how the membrane attachment affects its activation and signaling ; the mechanism through which calmodulin acts to promote cancer through its interaction with K- Ras4B , the detailed activation mechanisms of the oncogenic mutations , and how RASSF5 , which links Ras with the Hippo pathway and YAP1 acts as a tumor suppressor .",HYPE,['gratuitous'],1,rigour,No
robust,8996897,The ability to generate a robust recall response will be determined in vitro in response to M.tb antigens and in vivo using an antigen challenge model where infiltrating lymphocytes are isolated from human TST induration biopsies .,NOT HYPE,[],0,rigour,No
careful,9550527,"We continue to employ MRI catheterization as standard clinical practice at the NIH clinical center , based on our earlier careful pilot research comparison of conventional X- ray and wholly MRI guided transfemoral pulmonary artery catheterization in adults .",HYPE,['gratuitous'],1,rigour,No
robust,10140620,"Taken together , our proposed use of these three assays in this supplement provide a robust approach to test the pitfalls outlined above .",HYPE,['gratuitous'],1,rigour,No
revolutionary,9486422,Many of the reaction classes that we have A. Recently Published or that are the subject of B. Ongoing / Future Research are revolutionary .,HYPE,['hyperbolic'],1,novelty,No
unprecedented,9047113,"Over the last 5 years , we have computed an unprecedented ~ 250,000 GC/MC-SACP fragment and water maps ( GMAP 's ) .",HYPE,['hyperbolic'],1,novelty,No
unparalleled,9577890,"To circumvent this limitation , we use Drosophila as a primary experimental system , which provides unparalleled sophistication in manipulating Wnt ( Wingless in Drosophila ) activity in vivo .",HYPE,['hyperbolic'],1,novelty,No
detailed,10027121,"Hi - C has generated detailed datasets that have revealed key organizational features , including `domains ' of elevated interaction frequency and the broad partitioning of the genome into active and inactive `compartments . '",HYPE,['gratuitous'],1,rigour,No
systematic,10248001,"The application is highly significant because of the clinical importance of chronic stress to enhance visceral pain and the novel global hypothesis , innovative because of the use of state - of - art methods to study the global hypothesis in a systematic manner and high impact because of the potential to influence current thinking in the field .",HYPE,"['gratuitous', 'broader context']",1,rigour,No
unprecedented,9345558,"Unbridling zebrafish behavioral power for genetic and compound screens and introducing unprecedented data sharing capabilities , the software will enable major strides in neuroscience and mental health research .",HYPE,"['hyperbolic', 'broader context']",1,novelty,Yes
sophisticated,9674856,"To address this hypothesis , we structured the JAX CCHI around two integrated research projects focused on basic immunological mechanisms of lung antiviral immunity ; a technology development project that will create sophisticated cellular models leveraging 3D bioprinting , gene editing tools and microbiome - immune assays to support project objectives ; a sample core for storage and distribution of human tissues ; and a microbiome core for specialized microbiome profiling , cultivation , and computational analysis .",HYPE,['gratuitous'],1,rigour,No
groundbreaking,9692954,The studies proposed in this MPI application are a logical continuation of this groundbreaking work .,HYPE,['hyperbolic'],1,novelty,No
unparalleled,9796634,The past two decades have witnessed unparalleled success in the development of therapeutic kinase inhibitors targeting protein enzymes that are essential for cellular signaling cascades .,HYPE,"['hyperbolic', 'broader context']",1,novelty,No
unprecedented,9881031,"By determining the GRF for hundreds of TF - target relationships we will dramatically improve our understanding of this critically important aspect of how gene expression works and gain unprecedented insight into the dynamic nature of the GRF in response to environmental change , which should have impacts on many areas of biological science and especially human disease .",HYPE,['hyperbolic'],1,novelty,No
powerful,9346560,The Helium Ion Microscope has been developed over the last five years into a powerful tool for imaging a wide range of samples at sub - nanometer resolution .,HYPE,"['hyperbolic', 'gratuitous']",1,rigour,No
detailed,9786015,About 40 % of the private applicators completed a more detailed take - home questionnaire covering farming practices and health .,NOT HYPE,[],0,rigour,No
unprecedented,9513867,"Fourth , because IRN has unmasked a spatial organization to ganglionic function , we will be able to map this organization in detail and provide an unprecedented understanding of ganglionic function .",HYPE,['hyperbolic'],1,novelty,No
careful,9149640,"The training program also will include careful evaluation of the quality and effectiveness of the Training Program , ensuring that fellows achieve the competencies and skills necessary for success as future HLB genetic epidemiology research leaders .",HYPE,['gratuitous'],1,rigour,Yes
first,9659412,"Strikingly , genes that activate the cell cycle fall into the first group , while genes that inhibit the cell cycle fall into the second group .",NOT HYPE,[],0,novelty,No
groundbreaking,9377310,"It also uses electroencephaolography to provide a groundbreaking glimpse into the early , longitudinal brain development of children with ASD in the first years following diagnosis .",HYPE,['hyperbolic'],1,novelty,No
innovative,9149086,"The center's innovative work has included development of new instruments , particularly those targeting our catchment area such as food and activity questionnaires for Hispanics , Native Americans , as well as mHealth messaging systems for use in skin cancer prevention .",HYPE,['gratuitous'],1,novelty,Yes
powerful,9176627,"Another powerful regulator of substrate turnover is Hul5 ( whose mammalian ortholog is UBE3C ) , a ligase that we found to be associated with the proteasome .",NOT HYPE,[],0,rigour,No
groundbreaking,9682145,"These data and the insights we glean into the pre-symptomatic stage of disease , will enable us to design and implement a disease prevention or early intervention trial in the near future that could utilize whatever therapeutic agent ( s ) hold the most promise at the time we are ready to initiate a groundbreaking trial of this sort .",HYPE,['hyperbolic'],1,novelty,No
unique,10024313,The overall objective of the program summer experience is to establish an approach for providing minority students attending university A with the support needed to increase diversity in the field of biomedical science and aging by providing mentorship and research training opportunities for young URM biomedical scientists with unique experiences and perspectives .,NOT HYPE,[],0,novelty,Yes
novel,9556762,The development of novel thalidomide analogs with improved efficacy and decreased toxicity is an ongoing research effort in our laboratory .,NOT HYPE,[],0,novelty,No
cohesive,9072262,"3 ) NIMH - funded faculty in translational research ranging from molecular genetics , neuroimaging , clinical pharmacology , intervention development , and mental health services research ; 4 ) Cohesive organization of the A Institute ; 5 ) Four pilot project programs ; 6 ) Rich study populations and laboratory resources ; 7 ) Databases available for secondary analyses and hypothesis generation by fellows ; 8 ) Long and effective collaboration with investigators of Geriatric Medicine , General Internal Medicine , Clinical Epidemiology and Services Research Program , Public Health and Medical Ethics ; and 9 ) Leadership in 9 multisite studies .",HYPE,['gratuitous'],1,rigour,Yes
rigorous,10005678,"Using go / no- go criteria , CM - BT1 will be advanced through rigorous product development culminating in an efficacy study that will enable the launch of this product into full scale preclinical development for timely therapeutic neutralization of IAV .",HYPE,"['gratuitous', 'broader context']",1,rigour,No
powerful,9021498,In doing so we expect to identify new approaches to the treatment of pain and methods to enhance the effectiveness of our most powerful but problematic class of pain relievers .,HYPE,"['hyperbolic', 'gratuitous']",1,rigour,No
cohesive,9817947,Cognitive function relies on the cohesive activity of large - scale networks .,NOT HYPE,[],0,rigour,No
advanced,9128126,"Electronic cigarette ( e-cig ) use has exploded in recent years , and the use of refillable advanced - generation devices is rapidly growing .",NOT HYPE,[],0,rigour,No
reproducible,8999841,"To accomplish this , we will : 1 ) Provide specific training on the CRNC concepts , products and tools necessary for a full cycle of reproducible research ; 2 ) Provide complementary training on the computational and statistical frameworks and techniques underlying our tools and train power users on the CRNC products .",HYPE,['gratuitous'],1,rigour,No
nuanced,10028162,"Thus , our qualitative study ( Aim 3 ) will provide a more nuanced picture of specific FC - CC activities in which EI programs are engaged and allow us to define and assess specific approaches .",HYPE,['gratuitous'],1,rigour,No
powerful,9910781,"One such catabolite bilirubin ( BR ) has powerful immune - suppressive roles in other diseases , but has not been explored in cancers as an immunosuppressant .",HYPE,['hyperbolic'],1,rigour,No
emerging,10030543,"Specifically , cattle workers are at greater risk of Influenza D virus , an emerging pathogen associated with acute respiratory disease .",NOT HYPE,[],0,novelty,No
systematic,9282978,"These methods allow for rigorous parameter estimation , systematic and quantitative predictions , and testing multiple perturbations in each experimental sample , and quantitative mappings between different cell types .",HYPE,"['gratuitous', 'broader context']",1,rigour,No
quality,9057971,We will evaluate the ability of small practices in our region to implement POC and PM quality improvement strategies to improve the ABCS and implement the open source PopHealth performance measurement software to evaluate performance on the ABCS and enable regional benchmarking .,NOT HYPE,[],0,rigour,No
powerful,9571498,The molecules we identify may serve as powerful scientific tools to investigate Ras / RalGEF function in vivo and may lead to novel therapeutics for Ras driven cancer .,HYPE,['gratuitous'],1,rigour,No
accurate,9981228,"To overcome this , we propose to develop a GEMM ( Genetically Engineered Mouse Model ) of NF2 that accurately reflects the biology of schwannoma development in patients , to incorporate a transgenic reporter allele allowing the temporal evaluation of drug candidate efficacy in an accurate and consistent manner .",HYPE,['gratuitous'],1,rigour,No
careful,9339231,"Although classical measurements based on bulk rheology showed only minor differences in stiffness , more careful analyses of these matrices using atomic force microscopy probes at the micron-size scale of cell adhesions reveals that these fibrils organized in distinct architectures differ 10 - fold in stiffness .",HYPE,['gratuitous'],1,rigour,No
advanced,9589538,Only a limited number ( 25 % of those who drink heavily ) develop this more advanced liver disease .,NOT HYPE,[],0,rigour,No
creative,9840635,"M-DMT addresses management of cLBP through the use of ( 1 ) in - vivo graded exposure therapy ( i.e. , dance / body movement ) to promote physical activity and functioning , and enhance self - efficacy and perceived control ; ( 2 ) creative / expressive movement to increase mindfulness skills , relaxation , and self - expression ; and , ( 3 ) group therapy structure to normalize pain experiences and build social support .",NOT HYPE,[],0,novelty,No
strong,10067945,"Leveraging the complementary expertise of our strong team and our extensive preliminary results , we will pursue the following two Specific Aims : 1 . Develop and optimize fluorescent biosensors to monitor key physiological processes in ?- cells and islets .",HYPE,['gratuitous'],1,rigour,No
accurate,9686304,"We hypothesize that , by using improved and rigorous phenotyping techniques in combination with whole genome sequencing ( WGS ) and analyses , we will be able to identify select biomarkers for accurate prediction of KD treatment response and development of coronary aneurysms .",HYPE,"['gratuitous', 'broader context']",1,rigour,No
reproducible,9885981,We have developed cutting - edge multidisciplinary approaches that uniquely position us to define the rate and mechanisms of acquired azole resistance in a rigorous and reproducible way .,HYPE,"['gratuitous', 'coordinated', 'broader context']",1,rigour,No
nuanced,9482271,"In a set of concurrent , qualitative activities ( AIM 2 ) , we will seek a nuanced understanding of the personal , social , and structural barriers to participation in a depression study .",HYPE,['gratuitous'],1,rigour,No
advanced,9036348,"To achieve this goal , the PI will acquire advanced statistical skills and knowledge of health services research methods that will enhance her existing expertise in healthcare epidemiology .",HYPE,['gratuitous'],1,rigour,No
latest,9947403,"Providing pathway -specific estimates of genetic liability , computed in a scalable , statistically rigorous way , informed by latest multi-omic data , could enable researchers to better decompose heterogenous complex disease , identify key pathways that explain overlap or differences among disorders , and explain problems of portability of PRS between and within populations .",HYPE,"['gratuitous', 'broader context']",1,novelty,No
detailed,9970725,The rationale for the proposed research is that a detailed understanding of mechanistic pathways that explain how parenting and neural processes influence school readiness will enable the identification of novel strategies to prevent behavioral and academic problems .,HYPE,['gratuitous'],1,rigour,No
quality,9109993,"To provide safe , high - quality dental care in these remote areas , an x - ray replacement is desired which provides high - resolution optical images of cracks and decay deep within teeth that does not require ionizing x- ray radiation .",NOT HYPE,[],0,rigour,No
careful,9307377,"Therefore , the research agenda will need to carefully select and stage protocols based not just on their potential to advance the field , but also with careful consideration regarding other novel treatments that may be under development , and how one study may inform the next .",HYPE,['gratuitous'],1,rigour,No
nuanced,9468360,"The overarching objective of the proposed research is to advance a more nuanced understanding of the potential harm associated with different strains of marijuana , using an observational design with high external validity , thereby avoiding many of the limitations of previous research .",HYPE,['gratuitous'],1,rigour,No
revolutionary,9460106,This proposal introduces a revolutionary new approach that allows provably accurate description of network dynamics that is valid for all initial data and parameters .,HYPE,['hyperbolic'],1,novelty,No
unprecedented,9329169,Developing novel epigenetic therapy tailored for PDAC treatment will open up unprecedented possibility for improving patient survival and life quality .,HYPE,['hyperbolic'],1,novelty,No
emerging,9197745,ACT is an emerging immunotherapy which shows significant promise in the treatment of both leukemia and solid tumors .,HYPE,"['gratuitous', 'broader context']",1,novelty,No
careful,9274098,"To achieve this goal , Dr. P intends to bridge focused mass spectrometry - based discovery workflows with careful biological validation and the pre-clinical testing of novel therapeutic candidates that will be used to treat specific pathologies .",HYPE,['gratuitous'],1,rigour,Yes
innovative,9047291,"The goal of this SBIR application is to develop innovative technologies to provide more complete whole genome sequences , which accurately identify all genetic variants ( single nucleotide , insertions / deletions , polyploidy , structural variants ) and phase the variants to the appropriate homologous chromosome .",HYPE,['gratuitous'],1,novelty,No
novel,9388456,"In this proposal we will introduce a novel mechanistic approach to the assessment of nociceptive drive ( both evoked pain and ongoing pain ) in the perioperative period ( i.e. , during surgery and in the postoperative period ) .",NOT HYPE,[],0,novelty,No
systematic,9887804,"However , a significant technology gap exists in our ability to build forcefields that achieve high accuracy , can be systematically improved in a statistically robust manner , be extended to new areas of chemistry , can model post- translational and covalent modifications , are able to quantify systematic errors in predictions , and can be broadly applied across a high - performance software packages .",NOT HYPE,[],0,rigour,No
novel,9524504,"Recently , integrin alpha6 ( Itga6 ) was identified as a novel flow cytometric MRD marker .",NOT HYPE,[],0,novelty,No
groundbreaking,9976721,will allow for unprecedented studies that will significantly advance the field of vagal motor control over digestion and could provide groundbreaking insights on a broad range of clinical conditions .,HYPE,"['hyperbolic', 'broader context']",1,novelty,No
scientific,9061707,"Dr. B has strong scientific credentials as an established , internationally recognized , biomedical research scientist in microbial infectious disease ( cell signaling ) with continuous R01/R01 - Iike funding since 1991 focused on Escherichia coli 0157 : H7 and Yersinia pestis .",HYPE,"['gratuitous', 'amplified', 'coordinated', 'broader context']",1,rigour,Yes
groundbreaking,9353083,The Aim also yielded a ground breaking result : a theoretical prediction that periodic boundary conditions used in virtually all simulations of membranes lead to large artifacts in the diffusion constants of lipids and proteins ( Strong influence of periodic boundary conditions on lateral diffusion in lipid bilayer membranes .,HYPE,['hyperbolic'],1,novelty,No
strong,9168274,"The primary hypothesis of this proposal , guided by strong preliminary data , is that in the context of IFN -?",HYPE,['gratuitous'],1,rigour,No
unique,8813040,"Lastly , the PD 's steps to ensure continued growth of this unique Collaborative Center are discussed , including increasing the critical number of investigators and their scientific diversity , and the plan to transition the Center from COBRE support to competitive independent funding .",HYPE,"['gratuitous', 'broader context']",1,novelty,Yes
cohesive,9055759,"Our study represens a cohesive , unified approach that leverages the full capabilities of modern , low -cost , hand -held technologies to move us towards the goal of early universal screening for ASD .",HYPE,"['gratuitous', 'coordinated']",1,rigour,No
creative,9704545,"Development of creative thinking , publication and presentation skills , along with inter-disciplinary team mentoring , and developing and improving faculty mentoring skills , are major features of the program .",NOT HYPE,[],0,novelty,No
reproducible,9075562,The Automatic Droplet Generator ( AutoDG ) reduces the variability between users and experiments and makes individual experiments highly reproducible .,HYPE,['amplified'],1,rigour,No
groundbreaking,9505653,"First , I am being mentored by Dr. A , the director of the B Center for Pancreatic Cancer Research and an investigator recognized for his groundbreaking work on the molecular mechanisms regarding the biology of pancreatic cancer , pancreatic neoplasia and development .",HYPE,['hyperbolic'],1,novelty,Yes
reproducible,9776237,"Once developed , Newomics ' integrated platforms and solutions will enable low - cost , reproducible , highly specific and sensitive multiplex measurements of human peripheral blood for radiation biodosimetry , thus serving as a field - deployable platform for radiological / nuclear medical countermeasures including emergency triage and medical responses .",HYPE,['coordinated'],1,rigour,No
advanced,9607976,"In collaboration with Project 2 and 3 we will address the hypothesis whether DR acts by reducing the DNA damage load via improved DNA damage repair and signaling including its downstream consequences ( ( epi ) mutations , cellular senescence , apoptosis ) or via reduced generation or enhanced scavenging of endogenous reactive metabolites such as reactive oxygen species or advanced glycation endproducts .",NOT HYPE,[],0,rigour,No
revolutionary,9148258,"The traditional view of mitochondria as isolated , spherical , energy producing organelles is undergoing a revolutionary transformation .",HYPE,"['hyperbolic', 'gratuitous']",1,novelty,No
innovative,9202757,"In addition , the innovative photochemical technology described in this proposal lends itself to mass production and subsequent economies of scale .",HYPE,['gratuitous'],1,novelty,No
groundbreaking,9275527,"The approaches are innovative , because it will ( 1 ) create synthetic human antibody libraries carrying inhibitory paratopes ; ( 2 ) develop a groundbreaking function - based ( rather than binding - based ) HTS method for facile discovery of mAbs inhibiting the individual MMPs ; ( 3 ) uncover how the structure and mechanics of the extracellular matrix controls MMP activity during cancer cell migration and invasion ; ( 4 ) transform novel antibody - based selective MMP inhibitors into drug leads applicable for biopharmaceutical developments .",HYPE,"['hyperbolic', 'broader context']",1,novelty,No
accurate,9293785,We aim to make fast and accurate phasing methods and software freely available to all researchers via public phasing servers .,HYPE,"['gratuitous', 'coordinated']",1,rigour,No
groundbreaking,9294346,Development of a systemic therapy that can promote dual anabolic and anti-osteoclastic effects in craniofacial and postcranial bones alike would provide a groundbreaking therapy .,HYPE,['hyperbolic'],1,novelty,No
first,9229061,The mammalian heart first forms as a linear tube from cells of the First Heart Field .,NOT HYPE,[],0,novelty,No
detailed,9174491,"By defining the detailed urethral pathology of SUI and the feasibility of HSV vector-mediated gene therapy approaches , we can provide the foundation for new therapies of SUI and offer the hope of prevention and reversal of this potentially devastating condition to greatly improve the women 's health .",NOT HYPE,[],0,rigour,No
first,9641707,"The first phase of the study is a case - series analysis for establishing target engagement ( i.e. , belief reduction ) and determining adequate dosing of the behavioral strategies .",NOT HYPE,[],0,novelty,No
powerful,9321530,"This provides a powerful model to examine human blood cell development , to study the effects of HIV infection on human cells , and examine ways to purge HIV from immune cells .",HYPE,['gratuitous'],1,rigour,No
innovative,9851456,"In Aim 2 , we will use innovative bone marrow chimera and conditional knock - out mice to define the role of a network of transcription factors , chemokine receptors , and integrins in localization of NK cells near developing Tfh to facilitate cytolysis of these target cells .",HYPE,['gratuitous'],1,novelty,No
detailed,9327253,"Although† previous† work† has† implicated † the† orbitofrontal† cortex† ( OFC ) † in† the† ability † to† learn† from† counterfactual† information , † we† lack† a† detailed † understanding † of† its† causal† role† in† counterfactual† learning . †",HYPE,['gratuitous'],1,rigour,No
innovative,9328798,This proposal is innovative because the novel model investigated will provide new perspective on how claudins define paracellular permeability and barrier function .,NOT HYPE,[],0,novelty,No
revolutionary,10174008,"Realizing this revolutionary milestone depends on implementing and integrating sensitive , precise , and high - throughput scientific methods , sophisticated instrumentation , and unprecedented information connectivity .",HYPE,"['hyperbolic', 'broader context']",1,novelty,No
innovative,9280334,"The program is built on the 9 myriad strengths of the Research Center A, 10 which is driving innovative strategies aimed at further understanding the pathophysiology of diabetes and its 11 complications and at devising novel preventative and curative strategies .",HYPE,"['gratuitous', 'broader context']",1,novelty,Yes
quality,10024654,"The CTO is operationally organized by Disease Team ( DT ) and provides regulatory and data management services , research nursing support , as well as contract and budget negotiation , quality assurance , data and safety monitoring and multi-center investigator- initiated trial ( IIT ) development programs .",NOT HYPE,[],0,rigour,No
quality,10158925,"In order to improve the process for our researchers as well as the reviewers at the NIH , the integrated Research Institute , a collaboration of public and private institutions across the Commonwealth of V , proposes the addition of a dedicated quality assurance / quality control position .",NOT HYPE,[],0,rigour,Yes
unique,9054802,"Thus , this study highlights the unique activity of human OASL and determines the mechanistic basis of its function that will guide the future development of therapeutic strategies against specific virus infection by targeting the OASL - pathway .",NOT HYPE,[],0,novelty,No
